2009/10/28,09:35,4860.86,4897.02,4860.83,4883.78,264721.00,293819520.00
2009/10/28,09:40,4884.20,4887.56,4873.66,4873.66,222797.00,221289312.00
2009/10/28,09:45,4872.67,4875.90,4856.02,4863.10,182646.00,206170464.00
2009/10/28,09:50,4864.25,4875.25,4864.17,4872.71,150004.00,181336704.00
2009/10/28,09:55,4872.78,4885.92,4872.01,4880.58,155196.00,164321856.00
2009/10/28,10:00,4881.21,4882.33,4877.91,4879.59,121933.00,138120832.00
2009/10/28,10:05,4879.20,4885.44,4873.40,4885.44,153573.00,155469056.00
2009/10/28,10:10,4884.90,4895.78,4883.90,4892.11,166076.00,173852288.00
2009/10/28,10:15,4892.74,4893.99,4884.98,4885.27,140947.00,145733632.00
2009/10/28,10:20,4885.75,4888.43,4881.61,4881.86,110430.00,123899136.00
2009/10/28,10:25,4880.08,4884.20,4874.97,4878.40,134531.00,144635648.00
2009/10/28,10:30,4880.61,4884.55,4871.76,4882.03,109848.00,126390016.00
2009/10/28,10:35,4883.47,4885.64,4866.17,4869.23,116924.00,136189696.00
2009/10/28,10:40,4868.48,4869.60,4860.21,4862.20,88324.00,106616064.00
2009/10/28,10:45,4859.17,4860.42,4839.24,4839.33,208357.00,212468992.00
2009/10/28,10:50,4838.58,4847.33,4833.56,4833.56,193453.00,206892032.00
2009/10/28,10:55,4833.30,4833.96,4811.61,4821.03,355101.00,356763904.00
2009/10/28,11:00,4822.14,4822.14,4788.71,4788.71,276127.00,274102528.00
2009/10/28,11:05,4789.56,4801.31,4782.17,4795.48,328611.00,365392896.00
2009/10/28,11:10,4799.32,4810.03,4784.69,4784.69,226836.00,246650624.00
2009/10/28,11:15,4787.92,4806.04,4777.82,4800.96,292670.00,316164864.00
2009/10/28,11:20,4801.19,4810.16,4797.81,4804.04,106192.00,126183936.00
2009/10/28,11:25,4803.66,4805.45,4785.26,4788.94,106226.00,113989632.00
2009/10/28,11:30,4788.40,4794.08,4776.08,4779.09,154256.00,175353344.00
2009/10/28,13:05,4778.57,4781.39,4768.72,4774.86,205527.00,229430272.00
2009/10/28,13:10,4773.97,4776.12,4753.40,4753.45,217081.00,237719040.00
2009/10/28,13:15,4754.97,4775.21,4751.73,4769.54,220895.00,242098688.00
2009/10/28,13:20,4769.13,4773.69,4767.29,4770.06,158633.00,153981952.00
2009/10/28,13:25,4771.20,4791.07,4764.50,4790.97,168659.00,175444992.00
2009/10/28,13:30,4789.82,4804.26,4788.42,4803.61,175732.00,198466560.00
2009/10/28,13:35,4800.81,4810.83,4799.00,4809.97,113652.00,138434560.00
2009/10/28,13:40,4810.20,4825.78,4808.81,4814.45,230343.00,269952512.00
2009/10/28,13:45,4815.01,4817.01,4808.36,4813.58,149337.00,162072576.00
2009/10/28,13:50,4815.89,4827.98,4814.24,4819.52,152837.00,167397888.00
2009/10/28,13:55,4818.26,4821.31,4799.64,4800.16,138415.00,134389248.00
2009/10/28,14:00,4799.98,4808.03,4796.49,4808.03,82840.00,86426624.00
2009/10/28,14:05,4807.15,4840.13,4797.71,4840.13,185440.00,198744576.00
2009/10/28,14:10,4836.92,4864.01,4836.92,4854.51,293200.00,308145152.00
2009/10/28,14:15,4852.42,4853.96,4841.97,4851.35,105759.00,126947328.00
2009/10/28,14:20,4852.59,4854.75,4833.19,4851.22,166796.00,169661440.00
2009/10/28,14:25,4851.75,4855.91,4822.12,4822.12,109164.00,119249408.00
2009/10/28,14:30,4823.17,4839.64,4818.93,4831.94,76476.00,96131072.00
2009/10/28,14:35,4831.94,4849.13,4829.10,4846.84,87207.00,100015104.00
2009/10/28,14:40,4848.05,4850.21,4840.64,4846.43,120138.00,110445056.00
2009/10/28,14:45,4849.60,4860.83,4847.76,4856.06,184198.00,186623488.00
2009/10/28,14:50,4856.68,4858.49,4847.79,4847.79,180213.00,184304640.00
2009/10/28,14:55,4847.68,4849.78,4845.13,4849.30,129960.00,137008640.00
2009/10/28,15:00,4849.39,4855.61,4847.26,4851.04,183235.00,217545728.00
2009/10/29,09:35,4757.24,4784.57,4747.35,4766.13,323792.00,360110688.00
2009/10/29,09:40,4766.39,4768.30,4744.50,4758.87,239184.00,280934048.00
2009/10/29,09:45,4762.87,4778.81,4758.67,4775.79,185962.00,219506688.00
2009/10/29,09:50,4773.65,4788.45,4770.70,4786.84,187474.00,215162624.00
2009/10/29,09:55,4787.60,4793.11,4770.60,4772.87,254397.00,315139456.00
2009/10/29,10:00,4773.72,4788.07,4772.00,4786.08,210589.00,240557184.00
2009/10/29,10:05,4788.05,4809.14,4779.94,4809.14,245720.00,275951360.00
2009/10/29,10:10,4808.40,4813.94,4803.46,4806.11,212433.00,284361728.00
2009/10/29,10:15,4806.16,4816.88,4792.76,4793.38,212262.00,241126144.00
2009/10/29,10:20,4794.44,4796.74,4787.59,4790.63,215663.00,213911296.00
2009/10/29,10:25,4791.10,4811.65,4790.82,4809.12,203800.00,213703936.00
2009/10/29,10:30,4809.80,4818.73,4808.97,4813.47,155843.00,196903168.00
2009/10/29,10:35,4815.37,4816.85,4799.91,4803.54,174411.00,175953152.00
2009/10/29,10:40,4803.49,4806.19,4796.49,4797.28,141256.00,161313280.00
2009/10/29,10:45,4796.65,4796.65,4778.85,4780.44,192633.00,201109760.00
2009/10/29,10:50,4779.48,4783.17,4772.00,4782.99,193738.00,211879936.00
2009/10/29,10:55,4779.62,4787.30,4776.65,4782.85,145665.00,199150336.00
2009/10/29,11:00,4784.01,4785.22,4780.59,4783.99,131053.00,156835072.00
2009/10/29,11:05,4784.38,4784.38,4772.00,4774.13,162077.00,176252160.00
2009/10/29,11:10,4773.87,4777.00,4767.55,4769.34,150725.00,165500416.00
2009/10/29,11:15,4768.88,4769.82,4751.60,4753.57,275901.00,276457472.00
2009/10/29,11:20,4754.75,4760.72,4750.94,4758.69,194977.00,200512000.00
2009/10/29,11:25,4760.18,4760.57,4746.47,4748.93,187635.00,190630912.00
2009/10/29,11:30,4748.63,4750.42,4740.62,4749.48,198296.00,205976064.00
2009/10/29,13:05,4749.48,4764.96,4747.37,4764.36,165927.00,165219328.00
2009/10/29,13:10,4761.19,4768.72,4757.28,4759.00,113251.00,112973824.00
2009/10/29,13:15,4758.53,4792.39,4758.53,4785.84,267932.00,256223232.00
2009/10/29,13:20,4786.13,4786.13,4772.91,4780.31,119071.00,123750912.00
2009/10/29,13:25,4781.02,4788.11,4774.04,4784.92,119443.00,126974976.00
2009/10/29,13:30,4787.48,4791.91,4784.00,4786.41,126349.00,151179776.00
2009/10/29,13:35,4787.00,4790.77,4778.88,4780.12,97328.00,119946752.00
2009/10/29,13:40,4780.40,4781.34,4770.72,4774.05,106269.00,114791936.00
2009/10/29,13:45,4774.05,4775.08,4769.40,4772.00,95761.00,108362752.00
2009/10/29,13:50,4770.10,4770.69,4753.83,4754.92,182510.00,173288960.00
2009/10/29,13:55,4755.55,4764.61,4753.27,4760.30,114031.00,99942912.00
2009/10/29,14:00,4760.21,4766.17,4755.07,4755.50,119861.00,132547584.00
2009/10/29,14:05,4755.34,4776.06,4755.34,4776.06,82918.00,102791168.00
2009/10/29,14:10,4776.37,4778.99,4771.68,4775.94,109985.00,120103424.00
2009/10/29,14:15,4775.98,4778.55,4769.77,4778.55,91575.00,109041152.00
2009/10/29,14:20,4777.81,4780.56,4769.49,4771.12,95607.00,115624448.00
2009/10/29,14:25,4770.99,4771.10,4760.78,4764.74,105439.00,133909504.00
2009/10/29,14:30,4763.89,4771.14,4761.84,4770.43,112339.00,121869312.00
2009/10/29,14:35,4771.20,4771.57,4752.98,4752.98,181114.00,194949120.00
2009/10/29,14:40,4754.65,4754.65,4739.43,4744.90,284505.00,277954048.00
2009/10/29,14:45,4745.96,4756.03,4745.96,4749.46,160835.00,173064704.00
2009/10/29,14:50,4747.33,4747.80,4735.69,4737.35,271816.00,263164416.00
2009/10/29,14:55,4737.72,4743.26,4735.38,4740.49,211913.00,233556992.00
2009/10/29,15:00,4739.28,4749.96,4739.28,4748.09,212003.00,260202496.00
2009/10/30,09:35,4839.67,4854.03,4816.49,4818.36,404515.00,417325120.00
2009/10/30,09:40,4818.57,4832.28,4813.68,4814.05,247072.00,269063168.00
2009/10/30,09:45,4812.10,4821.06,4799.19,4813.94,281394.00,295380928.00
2009/10/30,09:50,4815.20,4815.20,4799.82,4810.14,163119.00,173843840.00
2009/10/30,09:55,4809.94,4812.00,4791.32,4791.85,184344.00,179940864.00
2009/10/30,10:00,4793.28,4807.64,4792.01,4801.64,141841.00,168096768.00
2009/10/30,10:05,4801.69,4813.36,4800.70,4813.08,121683.00,147461760.00
2009/10/30,10:10,4813.73,4818.95,4811.18,4813.05,110166.00,125977216.00
2009/10/30,10:15,4812.38,4813.84,4807.39,4809.53,94218.00,109078912.00
2009/10/30,10:20,4811.17,4825.35,4809.36,4824.78,105390.00,124941312.00
2009/10/30,10:25,4823.33,4825.87,4812.62,4815.39,123213.00,113856512.00
2009/10/30,10:30,4814.72,4818.11,4811.27,4812.78,168956.00,158294272.00
2009/10/30,10:35,4816.92,4816.92,4807.45,4808.09,134575.00,128719360.00
2009/10/30,10:40,4809.06,4829.14,4807.30,4827.84,120208.00,155756544.00
2009/10/30,10:45,4828.48,4843.17,4828.48,4840.49,250399.00,292549888.00
2009/10/30,10:50,4842.12,4850.97,4842.12,4849.35,276669.00,302710016.00
2009/10/30,10:55,4850.03,4860.42,4844.87,4858.77,205463.00,238513920.00
2009/10/30,11:00,4860.41,4870.91,4859.36,4859.77,298304.00,321789440.00
2009/10/30,11:05,4859.83,4860.26,4851.25,4853.22,169478.00,178532864.00
2009/10/30,11:10,4853.50,4859.83,4851.76,4859.33,96071.00,103190784.00
2009/10/30,11:15,4858.27,4885.81,4855.85,4885.16,290900.00,330461440.00
2009/10/30,11:20,4884.60,4898.44,4884.24,4892.46,376360.00,451148288.00
2009/10/30,11:25,4892.48,4907.19,4890.76,4905.74,302796.00,401498112.00
2009/10/30,11:30,4906.93,4908.93,4891.73,4891.73,228191.00,240541184.00
2009/10/30,13:05,4891.73,4895.12,4877.63,4879.66,194257.00,192141312.00
2009/10/30,13:10,4879.47,4882.16,4876.35,4879.59,95372.00,110716416.00
2009/10/30,13:15,4876.63,4880.76,4869.27,4871.46,118796.00,119900160.00
2009/10/30,13:20,4871.46,4881.84,4868.29,4880.85,183931.00,154980352.00
2009/10/30,13:25,4881.29,4881.29,4864.16,4873.53,146864.00,159270400.00
2009/10/30,13:30,4875.59,4876.78,4863.66,4864.16,156475.00,181939200.00
2009/10/30,13:35,4863.58,4874.81,4861.97,4868.53,157234.00,175471104.00
2009/10/30,13:40,4869.07,4877.40,4864.11,4876.67,188082.00,182951424.00
2009/10/30,13:45,4876.64,4894.47,4876.01,4891.60,463453.00,438303744.00
2009/10/30,13:50,4889.88,4892.06,4880.80,4882.37,218868.00,204466688.00
2009/10/30,13:55,4884.36,4885.33,4866.86,4867.73,184088.00,185058304.00
2009/10/30,14:00,4867.12,4869.76,4865.76,4866.83,145631.00,140810752.00
2009/10/30,14:05,4867.43,4875.08,4866.21,4866.21,121758.00,130305024.00
2009/10/30,14:10,4867.26,4867.60,4857.00,4857.00,132357.00,126195200.00
2009/10/30,14:15,4856.83,4859.52,4850.06,4850.39,125104.00,126380544.00
2009/10/30,14:20,4850.75,4862.83,4848.35,4862.54,136291.00,130683904.00
2009/10/30,14:25,4860.68,4863.55,4856.42,4859.15,129090.00,127218176.00
2009/10/30,14:30,4858.03,4858.11,4838.25,4838.50,130560.00,144862208.00
2009/10/30,14:35,4838.74,4838.74,4823.64,4827.33,235418.00,259468800.00
2009/10/30,14:40,4828.65,4845.21,4828.65,4840.21,163288.00,173714432.00
2009/10/30,14:45,4841.87,4841.87,4832.55,4833.16,136630.00,156037120.00
2009/10/30,14:50,4833.81,4833.81,4821.34,4823.38,159482.00,184148992.00
2009/10/30,14:55,4823.24,4824.70,4817.70,4822.36,205180.00,209598464.00
2009/10/30,15:00,4820.39,4822.80,4816.84,4819.61,200055.00,218359808.00
2009/11/02,09:35,4705.40,4730.17,4692.12,4729.24,436071.00,418764288.00
2009/11/02,09:40,4732.35,4749.62,4725.22,4748.02,286692.00,301484800.00
2009/11/02,09:45,4744.76,4747.16,4723.06,4727.15,263268.00,306050368.00
2009/11/02,09:50,4725.89,4731.01,4716.38,4731.01,216889.00,199981504.00
2009/11/02,09:55,4730.00,4752.86,4729.95,4752.10,184856.00,190266112.00
2009/11/02,10:00,4752.69,4762.05,4750.28,4760.43,184625.00,202675584.00
2009/11/02,10:05,4761.66,4772.91,4761.03,4771.59,120734.00,144930176.00
2009/11/02,10:10,4771.29,4774.20,4760.67,4760.67,188204.00,212980864.00
2009/11/02,10:15,4760.86,4787.53,4757.37,4787.53,166715.00,204863616.00
2009/11/02,10:20,4789.20,4808.17,4787.26,4807.21,277286.00,348559104.00
2009/11/02,10:25,4806.12,4821.13,4803.72,4820.38,161198.00,216431104.00
2009/11/02,10:30,4820.57,4847.44,4820.57,4832.22,316398.00,396621568.00
2009/11/02,10:35,4833.57,4837.23,4823.16,4826.56,108241.00,135351296.00
2009/11/02,10:40,4828.02,4828.56,4810.17,4819.51,165554.00,192312576.00
2009/11/02,10:45,4821.65,4834.86,4817.87,4834.78,119295.00,164775936.00
2009/11/02,10:50,4833.37,4841.58,4831.95,4837.72,114877.00,129088000.00
2009/11/02,10:55,4838.18,4838.36,4812.67,4815.27,142058.00,163359744.00
2009/11/02,11:00,4816.00,4817.33,4812.91,4815.43,99190.00,104720640.00
2009/11/02,11:05,4815.62,4822.24,4813.88,4820.18,88434.00,98488576.00
2009/11/02,11:10,4824.86,4847.08,4820.96,4846.95,192010.00,242377216.00
2009/11/02,11:15,4846.35,4851.22,4840.77,4841.46,113376.00,141594624.00
2009/11/02,11:20,4840.89,4852.69,4840.89,4852.69,141156.00,139888128.00
2009/11/02,11:25,4854.15,4861.96,4851.68,4860.44,118817.00,137774080.00
2009/11/02,11:30,4859.38,4868.54,4859.38,4866.63,186288.00,173908480.00
2009/11/02,13:05,4866.75,4871.29,4859.67,4861.57,145669.00,175360512.00
2009/11/02,13:10,4863.20,4864.34,4850.41,4850.41,85218.00,103849984.00
2009/11/02,13:15,4849.00,4852.55,4844.87,4845.71,124989.00,133307904.00
2009/11/02,13:20,4845.71,4875.52,4843.98,4874.13,187366.00,216056832.00
2009/11/02,13:25,4874.24,4897.96,4874.24,4897.10,325737.00,451797504.00
2009/11/02,13:30,4896.28,4908.87,4887.46,4908.87,279457.00,390196736.00
2009/11/02,13:35,4910.07,4946.51,4910.07,4936.69,606206.00,684615168.00
2009/11/02,13:40,4936.88,4937.31,4926.90,4932.14,296305.00,319066624.00
2009/11/02,13:45,4931.33,4978.46,4931.33,4975.86,558340.00,671329792.00
2009/11/02,13:50,4976.90,4982.17,4972.33,4973.34,574478.00,504564736.00
2009/11/02,13:55,4973.19,4982.54,4972.69,4975.00,454446.00,388364288.00
2009/11/02,14:00,4973.15,4973.70,4945.92,4958.02,470178.00,406824960.00
2009/11/02,14:05,4959.12,5003.65,4959.00,4999.31,760875.00,760650752.00
2009/11/02,14:10,4997.27,5008.82,4993.01,5006.76,587571.00,601554944.00
2009/11/02,14:15,5009.50,5067.59,5007.21,5062.49,1428058.00,1640315904.00
2009/11/02,14:20,5059.03,5064.63,5043.84,5044.84,558169.00,602458112.00
2009/11/02,14:25,5045.60,5045.60,5022.49,5029.88,363878.00,411240448.00
2009/11/02,14:30,5031.27,5042.98,5029.93,5039.49,338054.00,355009536.00
2009/11/02,14:35,5039.49,5065.05,5037.06,5064.43,647308.00,905726976.00
2009/11/02,14:40,5064.07,5068.25,5049.96,5052.16,509142.00,548268032.00
2009/11/02,14:45,5051.50,5057.38,5044.36,5046.41,393214.00,471731200.00
2009/11/02,14:50,5047.84,5050.27,5037.47,5044.67,335634.00,429185024.00
2009/11/02,14:55,5045.44,5048.32,5035.26,5046.83,361364.00,379803648.00
2009/11/02,15:00,5047.96,5058.40,5045.16,5057.10,616505.00,620836864.00
2009/11/03,09:35,5062.86,5080.86,5052.50,5079.19,5150.00,609890752.00
2009/11/03,09:40,5082.34,5105.35,5082.34,5101.66,5161.00,660929600.00
2009/11/03,09:45,5103.50,5116.02,5103.37,5115.95,4768.00,585099648.00
2009/11/03,09:50,5116.18,5119.67,5110.67,5110.67,5376.00,659319424.00
2009/11/03,09:55,5108.95,5108.95,5098.00,5102.78,4144.00,493344768.00
2009/11/03,10:00,5102.44,5133.40,5102.44,5133.40,4438.00,493439744.00
2009/11/03,10:05,5132.93,5134.08,5130.10,5130.37,3601.00,466344960.00
2009/11/03,10:10,5129.61,5135.42,5120.97,5130.42,2980.00,363289344.00
2009/11/03,10:15,5130.95,5132.63,5114.30,5116.01,3671.00,440104448.00
2009/11/03,10:20,5115.77,5116.73,5111.12,5115.38,2454.00,265528832.00
2009/11/03,10:25,5114.48,5115.81,5097.16,5097.16,2871.00,315140608.00
2009/11/03,10:30,5096.67,5099.58,5092.05,5096.88,2778.00,319110144.00
2009/11/03,10:35,5097.07,5104.76,5096.28,5104.76,1689.00,208572416.00
2009/11/03,10:40,5104.45,5115.78,5100.84,5115.78,1909.00,238843392.00
2009/11/03,10:45,5113.65,5124.09,5113.65,5118.04,2707.00,329065984.00
2009/11/03,10:50,5119.71,5119.71,5109.57,5112.55,1403.00,161559552.00
2009/11/03,10:55,5112.22,5113.25,5105.51,5105.51,1521.00,160253952.00
2009/11/03,11:00,5106.05,5107.64,5098.61,5101.54,1281.00,150451200.00
2009/11/03,11:05,5103.16,5106.92,5099.83,5103.99,1570.00,175823872.00
2009/11/03,11:10,5102.75,5113.86,5102.70,5113.05,1523.00,189602816.00
2009/11/03,11:15,5111.24,5115.12,5110.27,5113.32,1230.00,146187776.00
2009/11/03,11:20,5114.92,5115.47,5106.93,5107.26,1189.00,140331520.00
2009/11/03,11:25,5110.07,5111.02,5105.51,5108.90,1288.00,136748032.00
2009/11/03,11:30,5110.86,5122.02,5109.79,5120.76,1469.00,178145280.00
2009/11/03,13:05,5119.74,5125.01,5116.17,5116.17,2253.00,239329280.00
2009/11/03,13:10,5117.56,5124.17,5116.30,5123.76,1673.00,198652928.00
2009/11/03,13:15,5123.16,5126.69,5120.85,5122.11,1528.00,204598272.00
2009/11/03,13:20,5121.11,5122.96,5110.77,5112.25,1348.00,153475584.00
2009/11/03,13:25,5111.28,5112.25,5102.72,5102.72,1446.00,165915648.00
2009/11/03,13:30,5102.55,5108.14,5098.97,5106.43,2150.00,225179648.00
2009/11/03,13:35,5105.33,5108.35,5104.03,5107.01,1147.00,128840704.00
2009/11/03,13:40,5106.08,5107.22,5102.86,5104.86,1136.00,122957824.00
2009/11/03,13:45,5103.33,5105.88,5092.14,5093.40,1667.00,179438592.00
2009/11/03,13:50,5091.33,5091.33,5079.54,5082.89,2884.00,304483328.00
2009/11/03,13:55,5085.96,5089.97,5084.08,5089.97,1561.00,161774592.00
2009/11/03,14:00,5090.69,5093.98,5088.57,5089.07,1149.00,128997376.00
2009/11/03,14:05,5089.62,5094.89,5086.88,5094.11,1700.00,199361536.00
2009/11/03,14:10,5097.21,5102.44,5095.45,5098.23,1683.00,188349440.00
2009/11/03,14:15,5097.86,5099.08,5092.11,5096.25,1485.00,150746112.00
2009/11/03,14:20,5093.92,5101.27,5093.92,5101.11,1741.00,222238720.00
2009/11/03,14:25,5099.68,5099.68,5090.81,5092.80,1754.00,205737984.00
2009/11/03,14:30,5092.30,5093.29,5079.10,5079.10,1592.00,191932416.00
2009/11/03,14:35,5080.53,5083.20,5077.71,5081.88,2059.00,220062720.00
2009/11/03,14:40,5082.88,5084.57,5080.71,5084.25,1289.00,161833984.00
2009/11/03,14:45,5083.96,5096.13,5082.24,5096.13,2254.00,243818496.00
2009/11/03,14:50,5096.14,5098.43,5094.93,5095.89,2371.00,260876288.00
2009/11/03,14:55,5094.86,5095.10,5089.62,5089.88,2465.00,297122816.00
2009/11/03,15:00,5090.42,5095.36,5090.42,5093.69,3478.00,403283968.00
2009/11/04,09:35,5092.29,5106.96,5072.27,5106.96,209030.00,235379872.00
2009/11/04,09:40,5104.88,5109.46,5100.55,5100.76,191240.00,221852768.00
2009/11/04,09:45,5101.73,5103.46,5088.15,5088.95,170380.00,202874624.00
2009/11/04,09:50,5087.97,5089.70,5076.20,5076.20,181864.00,217526976.00
2009/11/04,09:55,5077.22,5079.42,5066.56,5072.54,273475.00,311384256.00
2009/11/04,10:00,5073.18,5090.43,5071.88,5090.07,221012.00,250343424.00
2009/11/04,10:05,5090.11,5103.13,5087.32,5101.25,230065.00,282899712.00
2009/11/04,10:10,5101.22,5101.22,5078.82,5081.48,219060.00,246549248.00
2009/11/04,10:15,5079.80,5084.53,5073.16,5076.15,196056.00,237989760.00
2009/11/04,10:20,5074.24,5074.77,5053.89,5063.94,296237.00,300742144.00
2009/11/04,10:25,5063.86,5069.79,5062.25,5068.68,146617.00,155548672.00
2009/11/04,10:30,5068.39,5073.87,5068.17,5073.32,134030.00,140044544.00
2009/11/04,10:35,5073.11,5096.96,5070.15,5096.96,233706.00,242950656.00
2009/11/04,10:40,5095.75,5105.84,5094.63,5102.27,232763.00,297137920.00
2009/11/04,10:45,5103.03,5103.03,5095.88,5100.95,146079.00,201659648.00
2009/11/04,10:50,5099.15,5116.81,5099.15,5115.04,188939.00,233380864.00
2009/11/04,10:55,5115.64,5116.06,5110.39,5114.20,175976.00,202067712.00
2009/11/04,11:00,5116.01,5116.01,5103.30,5103.30,224010.00,237490688.00
2009/11/04,11:05,5103.65,5105.66,5097.36,5099.41,161756.00,176021248.00
2009/11/04,11:10,5098.54,5114.74,5098.52,5114.74,159699.00,206852096.00
2009/11/04,11:15,5114.48,5132.18,5114.48,5132.18,384978.00,402772992.00
2009/11/04,11:20,5131.45,5152.88,5127.01,5152.33,425280.00,563187200.00
2009/11/04,11:25,5149.88,5154.87,5145.04,5147.76,369795.00,389777408.00
2009/11/04,11:30,5149.75,5156.21,5146.10,5155.32,220534.00,319141376.00
2009/11/04,13:05,5155.17,5163.67,5154.58,5156.72,298226.00,348580864.00
2009/11/04,13:10,5156.90,5157.10,5148.23,5150.85,149374.00,183504384.00
2009/11/04,13:15,5150.97,5153.38,5147.87,5153.38,135090.00,169766400.00
2009/11/04,13:20,5154.13,5177.16,5152.24,5174.21,371339.00,513309184.00
2009/11/04,13:25,5174.76,5181.40,5173.86,5177.39,363787.00,477938176.00
2009/11/04,13:30,5180.07,5180.07,5172.61,5173.48,230615.00,306132480.00
2009/11/04,13:35,5173.70,5175.12,5165.01,5165.94,197893.00,272788992.00
2009/11/04,13:40,5166.20,5168.35,5159.77,5162.76,143422.00,179468288.00
2009/11/04,13:45,5162.08,5169.46,5159.63,5159.63,181276.00,256741376.00
2009/11/04,13:50,5156.26,5159.32,5143.71,5151.70,205454.00,295178240.00
2009/11/04,13:55,5152.72,5161.83,5152.72,5154.74,150185.00,182804480.00
2009/11/04,14:00,5156.15,5157.59,5151.89,5152.10,118229.00,152543232.00
2009/11/04,14:05,5151.27,5153.66,5145.92,5147.62,135661.00,175666176.00
2009/11/04,14:10,5148.86,5148.88,5120.38,5122.47,222843.00,285592576.00
2009/11/04,14:15,5123.08,5130.72,5118.02,5129.81,264150.00,344003584.00
2009/11/04,14:20,5128.02,5134.73,5127.12,5129.97,193532.00,245885952.00
2009/11/04,14:25,5129.24,5145.85,5128.20,5144.73,153109.00,191830016.00
2009/11/04,14:30,5146.80,5148.18,5136.84,5137.74,124831.00,171275264.00
2009/11/04,14:35,5138.39,5138.39,5133.00,5133.48,116799.00,129106944.00
2009/11/04,14:40,5132.63,5133.65,5115.30,5120.63,218111.00,235047936.00
2009/11/04,14:45,5116.38,5128.76,5116.38,5124.33,164250.00,193893376.00
2009/11/04,14:50,5125.44,5127.49,5122.78,5124.78,205954.00,222501888.00
2009/11/04,14:55,5123.18,5126.05,5120.58,5124.34,239140.00,263270400.00
2009/11/04,15:00,5124.93,5132.60,5123.37,5130.38,362841.00,400572416.00
2009/11/05,09:35,5127.16,5133.48,5111.79,5126.88,165663.00,196287008.00
2009/11/05,09:40,5127.44,5128.80,5108.07,5109.49,194668.00,245172800.00
2009/11/05,09:45,5108.79,5108.79,5088.18,5092.08,267286.00,296550816.00
2009/11/05,09:50,5093.81,5105.94,5092.58,5104.96,241396.00,273479168.00
2009/11/05,09:55,5107.06,5114.60,5104.91,5111.90,201823.00,216419712.00
2009/11/05,10:00,5113.30,5128.16,5112.73,5127.90,292821.00,280572032.00
2009/11/05,10:05,5129.41,5137.35,5117.37,5117.37,246028.00,254934784.00
2009/11/05,10:10,5120.05,5121.45,5113.54,5118.96,299957.00,248934016.00
2009/11/05,10:15,5118.46,5124.02,5116.12,5119.96,222671.00,209592704.00
2009/11/05,10:20,5118.76,5120.50,5110.58,5113.76,158221.00,152115712.00
2009/11/05,10:25,5114.28,5136.10,5113.45,5134.61,370809.00,296701440.00
2009/11/05,10:30,5133.51,5157.89,5132.32,5154.19,798484.00,552224000.00
2009/11/05,10:35,5152.77,5154.16,5139.75,5140.88,256861.00,234167040.00
2009/11/05,10:40,5140.33,5140.33,5128.75,5131.17,218303.00,193675520.00
2009/11/05,10:45,5130.61,5136.09,5130.28,5134.03,138704.00,125751808.00
2009/11/05,10:50,5132.34,5133.42,5121.23,5121.23,223149.00,194803200.00
2009/11/05,10:55,5120.78,5127.69,5118.61,5127.05,211018.00,184545792.00
2009/11/05,11:00,5126.07,5127.50,5115.98,5115.98,146648.00,151963648.00
2009/11/05,11:05,5116.57,5119.55,5112.45,5119.55,137801.00,140784640.00
2009/11/05,11:10,5116.59,5123.98,5116.59,5118.84,154756.00,129757184.00
2009/11/05,11:15,5118.89,5120.32,5110.43,5111.71,104194.00,117559296.00
2009/11/05,11:20,5112.11,5113.03,5098.50,5099.20,196095.00,219530752.00
2009/11/05,11:25,5098.77,5100.05,5090.43,5093.44,204801.00,257477120.00
2009/11/05,11:30,5093.51,5102.57,5093.51,5102.15,130805.00,139695616.00
2009/11/05,13:05,5102.01,5103.79,5094.85,5098.29,116688.00,128315392.00
2009/11/05,13:10,5097.14,5101.56,5086.30,5087.87,126789.00,138543104.00
2009/11/05,13:15,5086.59,5088.24,5083.33,5088.14,100482.00,115044352.00
2009/11/05,13:20,5088.12,5104.41,5088.05,5104.09,128956.00,135028736.00
2009/11/05,13:25,5103.35,5104.52,5099.03,5100.18,67781.00,72733696.00
2009/11/05,13:30,5100.69,5114.85,5098.75,5114.46,117267.00,134171648.00
2009/11/05,13:35,5114.46,5117.10,5111.09,5114.53,188433.00,173852672.00
2009/11/05,13:40,5113.30,5115.22,5110.06,5111.68,191904.00,148024320.00
2009/11/05,13:45,5109.87,5116.16,5108.84,5114.88,294374.00,205647360.00
2009/11/05,13:50,5114.09,5115.13,5102.31,5103.16,127837.00,147251712.00
2009/11/05,13:55,5102.98,5105.64,5099.66,5103.22,180157.00,151508992.00
2009/11/05,14:00,5103.50,5103.97,5099.66,5101.17,198580.00,170221568.00
2009/11/05,14:05,5101.58,5102.02,5090.69,5093.84,180007.00,197019648.00
2009/11/05,14:10,5094.14,5095.35,5077.99,5078.97,289668.00,322129408.00
2009/11/05,14:15,5078.50,5089.01,5078.50,5086.43,180762.00,189454848.00
2009/11/05,14:20,5086.26,5101.78,5083.49,5100.36,136542.00,160521216.00
2009/11/05,14:25,5100.17,5111.51,5098.80,5108.37,221395.00,231114240.00
2009/11/05,14:30,5107.88,5109.76,5102.24,5103.05,110102.00,126788096.00
2009/11/05,14:35,5103.20,5104.28,5099.13,5104.24,121101.00,126404608.00
2009/11/05,14:40,5103.08,5119.60,5102.66,5117.57,199611.00,220139008.00
2009/11/05,14:45,5117.79,5118.30,5108.88,5110.72,215989.00,250822656.00
2009/11/05,14:50,5111.33,5111.87,5106.60,5108.01,244144.00,261255168.00
2009/11/05,14:55,5106.26,5112.90,5106.10,5110.77,177660.00,189046784.00
2009/11/05,15:00,5111.00,5112.94,5109.06,5111.82,230521.00,249756672.00
2009/11/06,09:35,5154.73,5171.13,5150.48,5153.54,481328.00,476430816.00
2009/11/06,09:40,5154.69,5184.65,5154.69,5182.31,323592.00,389651680.00
2009/11/06,09:45,5181.63,5182.77,5170.19,5178.60,266805.00,284904128.00
2009/11/06,09:50,5178.27,5178.99,5160.98,5167.38,301409.00,290660352.00
2009/11/06,09:55,5167.21,5179.36,5166.97,5178.19,221321.00,291561984.00
2009/11/06,10:00,5177.15,5182.00,5172.38,5181.59,257636.00,291114624.00
2009/11/06,10:05,5181.08,5187.07,5177.58,5180.58,340969.00,335802112.00
2009/11/06,10:10,5180.99,5183.30,5170.10,5171.45,203244.00,205534208.00
2009/11/06,10:15,5171.42,5171.42,5162.48,5165.90,188158.00,208338944.00
2009/11/06,10:20,5166.11,5166.71,5143.90,5144.15,222621.00,257858048.00
2009/11/06,10:25,5147.54,5156.09,5142.41,5156.09,188374.00,186859520.00
2009/11/06,10:30,5157.92,5157.92,5143.44,5145.57,131178.00,150865408.00
2009/11/06,10:35,5144.54,5147.30,5136.06,5137.45,181080.00,215877632.00
2009/11/06,10:40,5137.48,5144.77,5131.61,5140.30,175628.00,206845952.00
2009/11/06,10:45,5143.22,5145.73,5137.78,5140.29,141349.00,146862080.00
2009/11/06,10:50,5140.88,5140.88,5123.71,5124.36,185891.00,201557248.00
2009/11/06,10:55,5124.22,5126.99,5117.96,5124.88,121713.00,146429952.00
2009/11/06,11:00,5124.16,5126.27,5105.21,5121.73,233943.00,266822656.00
2009/11/06,11:05,5120.40,5129.89,5117.14,5129.89,105639.00,120055296.00
2009/11/06,11:10,5130.11,5135.64,5126.66,5135.21,109981.00,119018496.00
2009/11/06,11:15,5136.14,5137.82,5129.50,5133.40,125760.00,138045952.00
2009/11/06,11:20,5134.24,5138.90,5131.99,5133.73,90705.00,92169728.00
2009/11/06,11:25,5134.07,5138.13,5130.87,5138.13,101716.00,98135040.00
2009/11/06,11:30,5137.70,5142.06,5136.77,5141.18,123094.00,116872192.00
2009/11/06,13:05,5141.70,5144.19,5137.30,5137.30,182133.00,179610112.00
2009/11/06,13:10,5137.49,5147.05,5136.83,5142.96,101698.00,112372736.00
2009/11/06,13:15,5142.63,5144.12,5134.53,5136.56,118218.00,117046272.00
2009/11/06,13:20,5136.56,5136.56,5128.43,5128.84,176363.00,159944704.00
2009/11/06,13:25,5129.18,5130.92,5122.72,5128.74,139408.00,146491392.00
2009/11/06,13:30,5130.37,5143.69,5128.59,5141.78,135562.00,146757120.00
2009/11/06,13:35,5141.26,5145.09,5138.74,5139.33,138285.00,130267648.00
2009/11/06,13:40,5138.30,5140.90,5132.42,5135.54,115285.00,130694144.00
2009/11/06,13:45,5134.90,5137.53,5130.99,5137.53,108260.00,113670144.00
2009/11/06,13:50,5136.81,5142.85,5134.24,5142.05,128687.00,142195200.00
2009/11/06,13:55,5140.42,5142.64,5135.24,5135.24,99317.00,108210176.00
2009/11/06,14:00,5136.93,5138.30,5132.93,5134.00,107161.00,112015872.00
2009/11/06,14:05,5133.94,5138.34,5133.18,5137.19,167205.00,158231552.00
2009/11/06,14:10,5135.75,5136.77,5113.50,5113.50,274677.00,284525568.00
2009/11/06,14:15,5117.65,5125.52,5113.36,5124.32,182306.00,189610496.00
2009/11/06,14:20,5122.92,5125.13,5103.42,5105.72,254101.00,275472384.00
2009/11/06,14:25,5105.86,5117.53,5103.55,5116.52,170314.00,188497408.00
2009/11/06,14:30,5114.91,5115.98,5108.11,5110.39,127194.00,149788672.00
2009/11/06,14:35,5109.81,5113.46,5106.24,5106.24,200468.00,182778368.00
2009/11/06,14:40,5106.04,5107.18,5098.11,5101.10,264516.00,300132352.00
2009/11/06,14:45,5098.41,5109.34,5098.04,5107.37,216851.00,230311936.00
2009/11/06,14:50,5107.56,5110.35,5104.46,5104.78,156166.00,175380480.00
2009/11/06,14:55,5106.68,5109.38,5102.45,5108.68,197681.00,220315648.00
2009/11/06,15:00,5108.84,5112.92,5107.79,5110.18,228603.00,261256192.00
2009/11/09,09:35,5116.10,5120.41,5093.97,5106.75,194251.00,201698640.00
2009/11/09,09:40,5103.90,5116.29,5101.61,5113.87,171536.00,175287856.00
2009/11/09,09:45,5113.72,5122.40,5112.93,5113.78,182541.00,181859712.00
2009/11/09,09:50,5114.04,5114.04,5101.90,5104.93,210350.00,199683904.00
2009/11/09,09:55,5105.28,5105.88,5089.33,5089.33,181405.00,217762368.00
2009/11/09,10:00,5091.63,5091.66,5074.75,5079.34,253780.00,297725184.00
2009/11/09,10:05,5078.98,5089.02,5077.05,5087.87,187105.00,217816832.00
2009/11/09,10:10,5087.52,5089.71,5083.24,5083.24,194164.00,225391872.00
2009/11/09,10:15,5085.01,5096.64,5084.18,5094.15,214611.00,194766080.00
2009/11/09,10:20,5095.17,5099.24,5090.49,5096.91,304888.00,271349888.00
2009/11/09,10:25,5097.63,5100.07,5089.72,5091.21,177651.00,175972096.00
2009/11/09,10:30,5091.30,5092.03,5084.21,5084.83,203476.00,189393152.00
2009/11/09,10:35,5084.00,5092.50,5084.00,5091.93,174320.00,159036672.00
2009/11/09,10:40,5090.36,5093.77,5086.32,5090.85,128500.00,127417856.00
2009/11/09,10:45,5089.80,5099.88,5088.87,5098.92,116089.00,130034944.00
2009/11/09,10:50,5098.32,5099.72,5090.69,5091.32,192293.00,176587008.00
2009/11/09,10:55,5092.20,5093.72,5084.60,5084.60,148064.00,169014528.00
2009/11/09,11:00,5084.99,5085.57,5078.58,5080.31,140186.00,166082560.00
2009/11/09,11:05,5080.47,5084.10,5070.38,5070.38,162641.00,217555456.00
2009/11/09,11:10,5069.46,5070.56,5064.51,5066.41,251543.00,308480768.00
2009/11/09,11:15,5065.83,5068.05,5057.75,5062.14,186743.00,222890752.00
2009/11/09,11:20,5058.91,5060.38,5046.75,5049.83,228407.00,322639616.00
2009/11/09,11:25,5047.65,5053.37,5045.04,5050.40,180843.00,259516928.00
2009/11/09,11:30,5050.08,5051.13,5045.07,5046.42,156401.00,174427648.00
2009/11/09,13:05,5048.03,5051.45,5039.77,5041.36,154809.00,190436864.00
2009/11/09,13:10,5040.89,5051.03,5040.72,5049.62,139186.00,149700608.00
2009/11/09,13:15,5048.36,5053.75,5047.36,5049.24,145311.00,170023936.00
2009/11/09,13:20,5050.14,5050.64,5043.09,5044.56,152800.00,173253120.00
2009/11/09,13:25,5043.88,5044.70,5030.81,5032.26,236625.00,294555136.00
2009/11/09,13:30,5031.19,5032.82,5022.13,5027.10,237998.00,320377344.00
2009/11/09,13:35,5027.30,5033.73,5025.92,5033.59,109993.00,131866112.00
2009/11/09,13:40,5031.63,5035.26,5029.94,5032.87,117554.00,137149440.00
2009/11/09,13:45,5030.74,5032.08,5018.61,5021.48,199659.00,232562688.00
2009/11/09,13:50,5021.85,5031.52,5019.87,5029.77,166994.00,187508736.00
2009/11/09,13:55,5030.30,5038.59,5029.71,5038.30,115184.00,129675776.00
2009/11/09,14:00,5037.50,5041.61,5034.75,5036.15,99301.00,118015488.00
2009/11/09,14:05,5036.98,5036.98,5028.60,5035.71,133918.00,143841280.00
2009/11/09,14:10,5034.63,5059.82,5034.63,5058.58,202437.00,253595136.00
2009/11/09,14:15,5059.14,5060.26,5052.54,5055.19,123923.00,151727616.00
2009/11/09,14:20,5057.99,5060.25,5055.14,5059.38,107932.00,131343360.00
2009/11/09,14:25,5060.27,5062.22,5047.49,5055.38,154151.00,173698048.00
2009/11/09,14:30,5052.63,5060.17,5050.22,5058.65,124175.00,123305472.00
2009/11/09,14:35,5058.23,5072.86,5058.05,5072.84,147806.00,165959168.00
2009/11/09,14:40,5069.86,5083.14,5069.82,5081.05,229776.00,223505920.00
2009/11/09,14:45,5080.40,5083.48,5075.50,5078.92,204210.00,240655872.00
2009/11/09,14:50,5079.84,5099.29,5077.72,5099.29,205296.00,260755456.00
2009/11/09,14:55,5097.35,5100.73,5090.78,5091.43,180790.00,210509824.00
2009/11/09,15:00,5090.92,5093.76,5087.59,5089.67,213218.00,233669632.00
2009/11/10,09:35,5122.70,5141.98,5122.70,5133.78,759228.00,661172544.00
2009/11/10,09:40,5130.51,5152.97,5129.07,5152.97,636424.00,613964480.00
2009/11/10,09:45,5151.39,5152.00,5136.01,5136.86,445907.00,394315520.00
2009/11/10,09:50,5138.84,5153.75,5136.15,5153.09,322312.00,339407616.00
2009/11/10,09:55,5152.26,5154.88,5147.24,5149.49,305116.00,317029120.00
2009/11/10,10:00,5149.16,5168.21,5147.93,5166.07,282427.00,349643520.00
2009/11/10,10:05,5167.88,5168.37,5161.64,5165.37,342632.00,328782336.00
2009/11/10,10:10,5164.06,5167.10,5153.47,5154.85,193343.00,258396160.00
2009/11/10,10:15,5155.20,5156.12,5148.37,5150.46,223247.00,240452864.00
2009/11/10,10:20,5147.83,5149.31,5131.93,5139.37,226098.00,272191488.00
2009/11/10,10:25,5143.08,5151.07,5140.74,5147.60,235578.00,257457664.00
2009/11/10,10:30,5148.14,5150.62,5143.41,5144.62,141915.00,156451584.00
2009/11/10,10:35,5145.71,5146.89,5132.83,5134.45,134563.00,150924800.00
2009/11/10,10:40,5132.67,5134.11,5126.37,5128.25,198110.00,242524672.00
2009/11/10,10:45,5127.65,5131.38,5127.31,5128.96,122712.00,127781376.00
2009/11/10,10:50,5130.47,5130.47,5118.73,5120.58,163374.00,182940672.00
2009/11/10,10:55,5119.70,5127.38,5119.70,5126.85,217164.00,190144000.00
2009/11/10,11:00,5127.24,5134.12,5126.10,5131.08,134091.00,134480896.00
2009/11/10,11:05,5132.38,5134.73,5129.27,5130.82,103737.00,95927808.00
2009/11/10,11:10,5130.09,5130.28,5124.63,5127.00,88340.00,99023872.00
2009/11/10,11:15,5126.90,5128.58,5121.25,5123.20,119947.00,152969216.00
2009/11/10,11:20,5124.24,5124.24,5116.87,5116.87,146260.00,172339200.00
2009/11/10,11:25,5117.30,5119.64,5114.66,5116.42,174309.00,156332032.00
2009/11/10,11:30,5115.83,5121.72,5114.00,5121.72,83213.00,88419840.00
2009/11/10,13:05,5121.73,5123.69,5117.17,5118.02,175901.00,179405824.00
2009/11/10,13:10,5118.03,5123.05,5116.00,5123.05,65979.00,74046464.00
2009/11/10,13:15,5122.03,5132.55,5121.36,5129.98,102087.00,120082944.00
2009/11/10,13:20,5131.52,5135.09,5127.79,5135.04,105467.00,138381312.00
2009/11/10,13:25,5134.14,5136.02,5127.73,5130.63,111584.00,133162496.00
2009/11/10,13:30,5132.23,5132.23,5117.38,5118.58,138094.00,166949888.00
2009/11/10,13:35,5116.88,5122.58,5114.90,5120.89,153836.00,171367424.00
2009/11/10,13:40,5120.80,5121.66,5113.83,5114.78,112491.00,141003264.00
2009/11/10,13:45,5115.18,5118.54,5111.54,5118.07,117640.00,131137024.00
2009/11/10,13:50,5115.45,5124.44,5114.75,5123.71,144592.00,198452736.00
2009/11/10,13:55,5122.90,5138.32,5122.58,5134.56,225459.00,243095552.00
2009/11/10,14:00,5136.88,5137.41,5133.46,5135.17,121508.00,159872000.00
2009/11/10,14:05,5136.39,5149.95,5134.97,5147.78,230568.00,352478208.00
2009/11/10,14:10,5146.55,5148.65,5142.19,5145.38,174305.00,254290944.00
2009/11/10,14:15,5144.02,5148.62,5142.09,5144.67,295834.00,261979648.00
2009/11/10,14:20,5143.63,5155.24,5143.63,5151.88,291488.00,315089920.00
2009/11/10,14:25,5152.35,5154.31,5147.82,5153.17,166139.00,191070208.00
2009/11/10,14:30,5152.68,5152.69,5149.00,5150.95,140627.00,150502400.00
2009/11/10,14:35,5150.57,5151.52,5134.89,5138.30,134832.00,154995712.00
2009/11/10,14:40,5136.28,5138.50,5133.53,5135.86,137567.00,145828864.00
2009/11/10,14:45,5134.34,5142.07,5134.34,5138.14,202276.00,235449344.00
2009/11/10,14:50,5139.22,5140.61,5129.43,5130.46,298947.00,355880960.00
2009/11/10,14:55,5130.25,5131.99,5119.72,5119.72,300959.00,341037056.00
2009/11/10,15:00,5118.83,5122.57,5118.00,5119.56,342614.00,371877888.00
2009/11/11,09:35,5104.80,5104.80,5087.60,5092.92,194464.00,202178800.00
2009/11/11,09:40,5094.81,5095.12,5082.99,5083.86,157844.00,201122384.00
2009/11/11,09:45,5085.60,5086.80,5058.52,5059.98,233865.00,284086336.00
2009/11/11,09:50,5059.38,5067.21,5057.94,5063.30,211415.00,232172352.00
2009/11/11,09:55,5063.62,5064.14,5049.21,5056.64,303661.00,351369408.00
2009/11/11,10:00,5055.21,5065.35,5055.21,5065.35,196914.00,222547456.00
2009/11/11,10:05,5064.04,5076.44,5063.58,5074.58,179707.00,184274816.00
2009/11/11,10:10,5075.37,5077.00,5072.45,5076.06,158792.00,182261760.00
2009/11/11,10:15,5075.81,5082.11,5067.57,5081.07,158783.00,195800320.00
2009/11/11,10:20,5080.34,5085.04,5074.45,5082.17,187102.00,233589248.00
2009/11/11,10:25,5082.63,5086.25,5078.44,5078.44,144393.00,161213696.00
2009/11/11,10:30,5077.53,5080.31,5069.93,5073.83,120086.00,170690560.00
2009/11/11,10:35,5074.17,5077.88,5072.72,5074.53,137785.00,171971584.00
2009/11/11,10:40,5073.17,5100.06,5071.89,5099.79,137677.00,170665472.00
2009/11/11,10:45,5099.66,5101.50,5093.15,5093.15,142460.00,167002368.00
2009/11/11,10:50,5095.89,5095.89,5084.59,5086.29,83042.00,96706048.00
2009/11/11,10:55,5085.69,5087.21,5077.46,5081.39,118098.00,149896192.00
2009/11/11,11:00,5080.79,5085.80,5075.63,5077.71,96910.00,131986432.00
2009/11/11,11:05,5077.10,5077.27,5065.26,5066.72,168470.00,190965248.00
2009/11/11,11:10,5067.15,5074.91,5066.55,5070.21,125531.00,132175360.00
2009/11/11,11:15,5070.13,5070.64,5056.35,5057.39,186783.00,225383168.00
2009/11/11,11:20,5055.51,5061.97,5055.36,5059.70,122570.00,142876416.00
2009/11/11,11:25,5059.60,5061.85,5058.48,5059.32,91251.00,97368064.00
2009/11/11,11:30,5059.39,5060.25,5048.68,5048.99,173401.00,181081088.00
2009/11/11,13:05,5049.07,5049.08,5039.69,5043.36,344296.00,332246528.00
2009/11/11,13:10,5042.30,5043.25,5035.32,5037.32,178268.00,208700416.00
2009/11/11,13:15,5038.71,5049.09,5038.01,5044.97,206292.00,200345088.00
2009/11/11,13:20,5045.76,5049.46,5043.75,5046.36,152758.00,143592448.00
2009/11/11,13:25,5046.54,5053.47,5046.54,5050.82,122811.00,133228544.00
2009/11/11,13:30,5050.00,5065.32,5050.00,5053.68,181552.00,200815104.00
2009/11/11,13:35,5054.01,5055.24,5047.17,5050.46,148242.00,150114816.00
2009/11/11,13:40,5049.46,5056.30,5048.56,5052.17,136031.00,146104320.00
2009/11/11,13:45,5052.12,5052.17,5046.68,5048.71,136496.00,152714240.00
2009/11/11,13:50,5048.09,5055.98,5047.50,5053.77,102657.00,110001152.00
2009/11/11,13:55,5054.98,5067.86,5052.17,5066.01,166949.00,151948800.00
2009/11/11,14:00,5066.53,5067.40,5060.32,5062.42,206787.00,185039360.00
2009/11/11,14:05,5061.90,5074.29,5060.50,5074.29,262233.00,240862208.00
2009/11/11,14:10,5072.95,5074.65,5066.17,5066.92,185768.00,218934784.00
2009/11/11,14:15,5066.69,5067.17,5062.19,5063.73,139360.00,145357312.00
2009/11/11,14:20,5064.13,5065.07,5052.20,5055.10,188978.00,218823168.00
2009/11/11,14:25,5054.72,5061.18,5051.50,5059.74,209690.00,227934720.00
2009/11/11,14:30,5059.54,5062.74,5056.12,5062.46,167626.00,219026432.00
2009/11/11,14:35,5061.46,5074.40,5061.45,5069.45,145264.00,188251136.00
2009/11/11,14:40,5071.38,5073.41,5067.98,5069.77,165451.00,208384512.00
2009/11/11,14:45,5070.17,5071.57,5067.99,5067.99,202045.00,227099648.00
2009/11/11,14:50,5070.40,5071.62,5063.76,5064.97,198463.00,236815872.00
2009/11/11,14:55,5063.95,5066.42,5058.42,5059.38,257724.00,295318528.00
2009/11/11,15:00,5059.15,5063.67,5036.19,5050.56,266518.00,364032000.00
2009/11/12,09:35,5072.11,5084.61,5071.98,5075.29,293076.00,301757056.00
2009/11/12,09:40,5073.73,5095.23,5070.98,5092.56,300217.00,308500160.00
2009/11/12,09:45,5090.93,5104.53,5090.93,5099.50,301058.00,344037568.00
2009/11/12,09:50,5100.10,5106.04,5097.79,5105.93,246988.00,277351808.00
2009/11/12,09:55,5105.43,5108.85,5096.59,5096.59,159781.00,182945920.00
2009/11/12,10:00,5097.34,5101.79,5084.15,5084.69,201777.00,191549184.00
2009/11/12,10:05,5085.43,5089.26,5081.78,5086.29,164442.00,184081408.00
2009/11/12,10:10,5087.15,5089.59,5082.22,5085.76,135597.00,159496320.00
2009/11/12,10:15,5085.99,5086.50,5072.90,5073.32,131739.00,156625280.00
2009/11/12,10:20,5073.92,5075.05,5065.39,5066.88,149230.00,179336448.00
2009/11/12,10:25,5068.05,5076.94,5066.74,5069.73,112897.00,114858496.00
2009/11/12,10:30,5071.12,5071.12,5064.90,5066.37,105486.00,125558016.00
2009/11/12,10:35,5066.82,5066.82,5055.65,5060.05,186454.00,216746240.00
2009/11/12,10:40,5057.79,5062.75,5057.27,5061.55,124596.00,143301632.00
2009/11/12,10:45,5061.03,5066.08,5059.87,5065.29,111876.00,125643520.00
2009/11/12,10:50,5065.10,5069.64,5064.47,5068.13,106744.00,132813056.00
2009/11/12,10:55,5069.60,5079.47,5066.42,5077.70,167547.00,178103296.00
2009/11/12,11:00,5077.44,5078.06,5071.77,5072.88,78310.00,90985984.00
2009/11/12,11:05,5071.38,5087.29,5067.36,5087.29,166362.00,171875840.00
2009/11/12,11:10,5086.98,5097.54,5084.58,5090.29,182384.00,219570688.00
2009/11/12,11:15,5091.79,5092.72,5080.81,5085.40,157962.00,134991872.00
2009/11/12,11:20,5084.99,5087.01,5078.04,5080.13,144696.00,140884224.00
2009/11/12,11:25,5080.42,5084.09,5078.62,5081.94,126159.00,122617856.00
2009/11/12,11:30,5081.94,5085.24,5080.52,5082.06,109116.00,115721984.00
2009/11/12,13:05,5082.06,5085.33,5078.27,5078.92,175172.00,181599744.00
2009/11/12,13:10,5079.36,5079.68,5064.23,5064.40,186744.00,214853632.00
2009/11/12,13:15,5065.68,5065.68,5060.90,5064.23,182985.00,225404928.00
2009/11/12,13:20,5062.56,5069.76,5062.44,5067.44,143796.00,189105664.00
2009/11/12,13:25,5067.12,5073.30,5064.43,5071.76,160969.00,170094080.00
2009/11/12,13:30,5071.98,5078.21,5071.13,5076.00,126620.00,136231424.00
2009/11/12,13:35,5077.82,5078.99,5070.23,5070.46,139405.00,157758976.00
2009/11/12,13:40,5071.58,5075.70,5069.30,5071.24,160159.00,215821824.00
2009/11/12,13:45,5069.98,5069.98,5060.42,5063.10,212288.00,269891072.00
2009/11/12,13:50,5064.28,5064.28,5050.94,5052.11,221728.00,282027008.00
2009/11/12,13:55,5051.83,5058.74,5049.60,5058.74,172219.00,238079488.00
2009/11/12,14:00,5058.55,5063.27,5056.32,5059.71,138907.00,192878592.00
2009/11/12,14:05,5058.96,5065.36,5057.20,5065.36,109851.00,143535616.00
2009/11/12,14:10,5064.43,5068.18,5059.23,5059.23,132035.00,162921984.00
2009/11/12,14:15,5061.37,5061.37,5047.68,5049.27,225309.00,240989696.00
2009/11/12,14:20,5049.73,5053.36,5047.14,5048.05,241356.00,220431360.00
2009/11/12,14:25,5046.91,5048.63,5035.24,5041.94,284877.00,342542336.00
2009/11/12,14:30,5041.78,5051.49,5037.08,5047.65,170414.00,229285376.00
2009/11/12,14:35,5046.39,5050.65,5041.09,5041.94,124008.00,155060736.00
2009/11/12,14:40,5041.69,5044.27,5031.31,5034.29,222731.00,279475712.00
2009/11/12,14:45,5032.36,5032.39,5018.61,5018.61,371584.00,415529984.00
2009/11/12,14:50,5018.38,5022.16,5015.35,5019.62,365590.00,480820224.00
2009/11/12,14:55,5019.55,5031.63,5019.55,5031.63,189642.00,233129984.00
2009/11/12,15:00,5031.59,5038.08,5027.07,5034.94,240954.00,298081280.00
2009/11/13,09:35,5029.38,5040.81,5018.60,5038.03,393465.00,420797792.00
2009/11/13,09:40,5037.62,5049.37,5036.73,5045.61,369806.00,390748704.00
2009/11/13,09:45,5046.28,5046.52,5039.39,5041.10,262292.00,265007616.00
2009/11/13,09:50,5039.76,5056.35,5039.22,5055.60,271988.00,261663872.00
2009/11/13,09:55,5055.67,5062.07,5053.05,5059.90,247766.00,274698880.00
2009/11/13,10:00,5060.01,5062.69,5051.46,5052.00,261624.00,256065152.00
2009/11/13,10:05,5051.61,5052.92,5044.87,5045.61,184516.00,184889856.00
2009/11/13,10:10,5044.98,5046.72,5039.06,5039.47,182668.00,197264896.00
2009/11/13,10:15,5040.35,5051.07,5039.66,5051.07,147899.00,165088768.00
2009/11/13,10:20,5050.87,5052.15,5048.72,5050.01,122061.00,140090624.00
2009/11/13,10:25,5050.02,5053.65,5047.16,5052.23,122645.00,125926144.00
2009/11/13,10:30,5052.85,5063.81,5052.23,5063.63,164541.00,174515712.00
2009/11/13,10:35,5064.34,5064.34,5056.30,5057.22,147787.00,176715008.00
2009/11/13,10:40,5056.32,5060.20,5055.57,5058.61,101006.00,118041856.00
2009/11/13,10:45,5058.72,5058.72,5050.67,5053.33,118643.00,125415936.00
2009/11/13,10:50,5052.30,5054.07,5047.19,5049.75,95359.00,109567744.00
2009/11/13,10:55,5050.35,5052.31,5038.13,5038.13,118450.00,150754304.00
2009/11/13,11:00,5038.57,5040.33,5034.40,5038.40,148981.00,148659200.00
2009/11/13,11:05,5037.65,5041.39,5027.26,5028.27,134499.00,149469696.00
2009/11/13,11:10,5027.67,5032.32,5021.12,5030.61,206725.00,228312064.00
2009/11/13,11:15,5030.41,5037.45,5030.25,5034.76,102363.00,98708480.00
2009/11/13,11:20,5033.41,5035.21,5029.33,5032.55,109272.00,105892096.00
2009/11/13,11:25,5031.64,5031.83,5017.57,5017.57,178929.00,201100544.00
2009/11/13,11:30,5017.57,5019.32,5012.92,5013.86,231226.00,268146688.00
2009/11/13,13:05,5014.36,5021.63,5008.67,5019.75,272407.00,272688128.00
2009/11/13,13:10,5017.41,5022.38,5008.73,5009.78,203317.00,226035712.00
2009/11/13,13:15,5008.23,5011.55,4990.77,4994.61,268016.00,311973888.00
2009/11/13,13:20,4995.09,5006.25,4992.40,5004.73,183359.00,194609152.00
2009/11/13,13:25,5006.59,5008.56,5002.67,5006.14,126458.00,135642112.00
2009/11/13,13:30,5004.08,5013.30,5002.82,5011.49,158261.00,189651968.00
2009/11/13,13:35,5010.63,5013.39,5001.59,5004.82,150609.00,163086848.00
2009/11/13,13:40,5006.44,5008.71,5002.77,5008.63,106051.00,126357504.00
2009/11/13,13:45,5008.20,5015.63,5005.46,5015.00,158906.00,163899392.00
2009/11/13,13:50,5015.00,5031.59,5012.82,5021.83,232368.00,262073344.00
2009/11/13,13:55,5020.23,5028.30,5020.23,5023.05,113058.00,128848896.00
2009/11/13,14:00,5023.90,5027.76,5014.44,5016.75,185782.00,199638016.00
2009/11/13,14:05,5016.94,5021.58,5014.35,5021.46,153391.00,159887872.00
2009/11/13,14:10,5021.14,5042.60,5021.14,5040.94,235869.00,268124672.00
2009/11/13,14:15,5040.72,5043.19,5033.65,5037.12,190841.00,206618624.00
2009/11/13,14:20,5037.66,5043.79,5035.35,5043.24,133911.00,178752512.00
2009/11/13,14:25,5043.53,5049.36,5035.35,5039.42,209928.00,251382272.00
2009/11/13,14:30,5038.96,5044.86,5037.49,5040.54,145399.00,155535360.00
2009/11/13,14:35,5038.34,5040.56,5030.30,5032.80,178270.00,185886720.00
2009/11/13,14:40,5030.69,5042.08,5029.99,5042.08,147132.00,162307584.00
2009/11/13,14:45,5040.60,5048.43,5039.00,5048.40,325598.00,313022464.00
2009/11/13,14:50,5049.58,5064.52,5047.58,5063.37,539087.00,544376832.00
2009/11/13,14:55,5063.65,5084.34,5063.65,5082.96,503532.00,556218368.00
2009/11/13,15:00,5083.54,5101.23,5081.26,5101.23,637170.00,660146176.00
2009/11/16,09:35,5135.82,5156.47,5135.82,5147.06,682225.00,689678656.00
2009/11/16,09:40,5146.13,5151.64,5143.85,5149.63,372000.00,401778624.00
2009/11/16,09:45,5149.24,5160.08,5148.58,5159.49,530596.00,527861504.00
2009/11/16,09:50,5158.00,5162.85,5157.60,5161.05,329354.00,375617280.00
2009/11/16,09:55,5161.94,5163.04,5150.81,5152.52,413767.00,395732224.00
2009/11/16,10:00,5152.97,5157.54,5149.96,5157.30,306271.00,301317120.00
2009/11/16,10:05,5156.15,5170.64,5156.15,5170.64,601857.00,490917888.00
2009/11/16,10:10,5171.55,5175.35,5166.07,5167.52,498919.00,461870336.00
2009/11/16,10:15,5167.29,5167.47,5159.82,5161.81,400922.00,378332928.00
2009/11/16,10:20,5161.69,5165.73,5160.21,5162.26,288730.00,291145728.00
2009/11/16,10:25,5160.92,5163.42,5151.31,5152.48,331595.00,337892352.00
2009/11/16,10:30,5152.08,5158.07,5151.30,5157.33,312940.00,336695296.00
2009/11/16,10:35,5157.10,5169.28,5156.39,5167.34,300518.00,332299776.00
2009/11/16,10:40,5167.16,5180.98,5166.69,5180.98,339946.00,434093056.00
2009/11/16,10:45,5181.72,5188.21,5179.28,5180.54,350974.00,455592448.00
2009/11/16,10:50,5181.15,5184.38,5177.76,5184.38,266727.00,299849216.00
2009/11/16,10:55,5182.76,5185.52,5175.52,5176.94,233191.00,278010880.00
2009/11/16,11:00,5175.93,5177.86,5170.34,5173.79,272908.00,280273408.00
2009/11/16,11:05,5173.92,5181.98,5173.05,5180.17,196429.00,234539008.00
2009/11/16,11:10,5178.61,5185.47,5178.61,5185.10,281175.00,275376128.00
2009/11/16,11:15,5185.10,5188.48,5182.61,5188.48,319462.00,286234112.00
2009/11/16,11:20,5188.98,5205.50,5188.98,5204.90,416982.00,552031232.00
2009/11/16,11:25,5204.16,5205.38,5198.88,5200.61,330756.00,336963072.00
2009/11/16,11:30,5199.23,5207.09,5199.23,5206.74,226588.00,267386880.00
2009/11/16,13:05,5207.59,5218.03,5206.56,5213.04,451725.00,430557184.00
2009/11/16,13:10,5214.29,5216.23,5209.85,5210.13,226220.00,247183360.00
2009/11/16,13:15,5209.81,5215.74,5208.80,5213.52,282308.00,277972992.00
2009/11/16,13:20,5214.64,5215.35,5207.43,5207.43,171895.00,184840192.00
2009/11/16,13:25,5208.71,5208.71,5200.59,5200.92,190443.00,201150464.00
2009/11/16,13:30,5201.22,5205.71,5200.21,5203.43,184266.00,214759424.00
2009/11/16,13:35,5204.87,5209.76,5203.25,5207.97,183044.00,178132992.00
2009/11/16,13:40,5208.64,5214.24,5206.68,5211.77,182324.00,200541184.00
2009/11/16,13:45,5211.98,5214.25,5206.48,5206.77,242544.00,240312320.00
2009/11/16,13:50,5206.61,5208.01,5202.90,5204.56,299062.00,267203584.00
2009/11/16,13:55,5205.46,5209.77,5201.53,5207.70,319093.00,277676032.00
2009/11/16,14:00,5208.82,5215.87,5207.58,5215.65,267892.00,242404352.00
2009/11/16,14:05,5215.01,5219.55,5212.91,5219.32,260220.00,338880512.00
2009/11/16,14:10,5219.94,5237.01,5218.45,5236.40,720941.00,759051264.00
2009/11/16,14:15,5236.89,5239.29,5233.67,5235.07,356934.00,407541760.00
2009/11/16,14:20,5234.56,5235.87,5230.47,5232.49,229401.00,265279488.00
2009/11/16,14:25,5234.38,5234.38,5227.03,5228.52,236626.00,237578240.00
2009/11/16,14:30,5228.25,5229.34,5224.44,5227.48,202336.00,216121344.00
2009/11/16,14:35,5227.04,5229.86,5225.63,5225.71,182179.00,203028480.00
2009/11/16,14:40,5227.13,5227.48,5221.17,5221.17,277108.00,264361984.00
2009/11/16,14:45,5224.65,5236.85,5221.31,5234.79,332271.00,363235328.00
2009/11/16,14:50,5234.17,5237.45,5233.03,5236.87,268252.00,287780864.00
2009/11/16,14:55,5236.76,5239.56,5235.20,5237.78,276523.00,333194240.00
2009/11/16,15:00,5239.64,5243.92,5236.67,5240.81,424826.00,552656896.00
2009/11/17,09:35,5262.19,5273.51,5257.34,5261.17,655169.00,677389120.00
2009/11/17,09:40,5262.09,5297.72,5260.93,5297.34,611097.00,668153536.00
2009/11/17,09:45,5296.60,5317.67,5296.60,5314.32,788024.00,919369472.00
2009/11/17,09:50,5315.42,5335.34,5312.23,5333.19,871793.00,940508416.00
2009/11/17,09:55,5334.53,5342.60,5327.49,5330.21,772288.00,885177344.00
2009/11/17,10:00,5329.55,5330.83,5309.30,5310.87,534943.00,609193472.00
2009/11/17,10:05,5309.18,5327.40,5309.18,5325.30,427623.00,484835840.00
2009/11/17,10:10,5325.88,5331.58,5323.43,5324.97,403678.00,464322048.00
2009/11/17,10:15,5324.44,5329.94,5321.96,5324.34,344352.00,375514112.00
2009/11/17,10:20,5324.97,5324.97,5303.04,5303.04,311521.00,345948672.00
2009/11/17,10:25,5302.90,5309.76,5302.76,5303.79,347605.00,370536448.00
2009/11/17,10:30,5304.13,5318.06,5302.13,5315.54,283383.00,321895936.00
2009/11/17,10:35,5316.50,5317.97,5311.09,5312.39,229724.00,291330048.00
2009/11/17,10:40,5311.84,5326.05,5310.70,5324.94,286019.00,354635264.00
2009/11/17,10:45,5325.34,5330.72,5319.56,5319.56,332547.00,350099968.00
2009/11/17,10:50,5320.31,5327.38,5317.72,5327.38,372593.00,354712576.00
2009/11/17,10:55,5326.68,5329.24,5324.33,5325.90,502000.00,441377792.00
2009/11/17,11:00,5325.31,5325.50,5318.25,5321.36,268258.00,264681472.00
2009/11/17,11:05,5322.22,5325.72,5321.13,5324.20,182068.00,192662528.00
2009/11/17,11:10,5323.82,5324.63,5312.17,5312.17,195682.00,216830976.00
2009/11/17,11:15,5312.74,5315.38,5308.56,5314.91,182208.00,185239552.00
2009/11/17,11:20,5314.46,5317.11,5308.87,5310.76,155972.00,154474496.00
2009/11/17,11:25,5310.69,5310.78,5303.98,5305.79,151047.00,154370048.00
2009/11/17,11:30,5305.92,5305.92,5293.71,5296.69,277838.00,297875456.00
2009/11/17,13:05,5295.86,5309.48,5295.26,5309.48,226362.00,243172352.00
2009/11/17,13:10,5307.97,5309.61,5298.89,5299.65,157140.00,158679040.00
2009/11/17,13:15,5298.50,5313.16,5298.24,5313.16,182285.00,193426432.00
2009/11/17,13:20,5311.67,5313.97,5305.38,5305.53,151328.00,166797312.00
2009/11/17,13:25,5306.62,5311.25,5303.98,5309.77,130270.00,161934336.00
2009/11/17,13:30,5310.57,5311.70,5303.50,5303.87,160036.00,168430592.00
2009/11/17,13:35,5304.32,5305.01,5291.78,5291.96,159631.00,166870016.00
2009/11/17,13:40,5292.97,5297.70,5291.58,5291.64,178556.00,163069952.00
2009/11/17,13:45,5291.22,5293.38,5280.17,5286.93,217368.00,236108800.00
2009/11/17,13:50,5289.83,5294.29,5287.05,5292.64,178089.00,170092544.00
2009/11/17,13:55,5291.48,5295.85,5290.34,5293.46,136843.00,131793920.00
2009/11/17,14:00,5294.37,5295.54,5290.24,5290.24,102342.00,117736448.00
2009/11/17,14:05,5290.85,5292.96,5283.02,5284.40,118763.00,139707392.00
2009/11/17,14:10,5284.88,5303.76,5281.98,5302.53,210071.00,270910464.00
2009/11/17,14:15,5301.27,5307.48,5301.27,5302.85,162364.00,203945984.00
2009/11/17,14:20,5303.17,5303.22,5294.33,5295.57,119917.00,148694016.00
2009/11/17,14:25,5295.56,5298.05,5284.43,5286.20,225980.00,270092288.00
2009/11/17,14:30,5285.82,5289.33,5283.48,5288.23,121123.00,159537152.00
2009/11/17,14:35,5288.12,5291.74,5287.25,5290.60,113569.00,133548032.00
2009/11/17,14:40,5291.40,5292.11,5288.00,5288.00,125923.00,153214976.00
2009/11/17,14:45,5288.65,5289.08,5267.95,5268.46,276928.00,327213056.00
2009/11/17,14:50,5269.03,5272.96,5267.13,5271.07,300052.00,334588928.00
2009/11/17,14:55,5271.42,5276.61,5270.70,5271.92,264017.00,279255040.00
2009/11/17,15:00,5272.16,5275.72,5271.41,5272.67,285724.00,319175680.00
2009/11/18,09:35,5284.61,5293.28,5281.71,5282.58,2402.00,258558032.00
2009/11/18,09:40,5282.81,5282.81,5261.21,5261.21,2220.00,242242640.00
2009/11/18,09:45,5261.67,5270.09,5254.35,5269.94,2535.00,267781152.00
2009/11/18,09:50,5270.00,5273.25,5264.73,5264.73,2226.00,230447552.00
2009/11/18,09:55,5266.30,5268.19,5263.69,5266.48,1793.00,193140992.00
2009/11/18,10:00,5267.04,5276.18,5259.85,5260.70,2765.00,343025152.00
2009/11/18,10:05,5258.19,5262.54,5257.18,5260.41,1476.00,173920768.00
2009/11/18,10:10,5260.42,5263.38,5257.83,5259.22,1496.00,167765760.00
2009/11/18,10:15,5258.10,5262.67,5256.06,5262.67,1829.00,203512192.00
2009/11/18,10:20,5263.51,5272.43,5262.40,5271.50,2730.00,266194944.00
2009/11/18,10:25,5271.14,5276.45,5268.15,5276.45,2485.00,246261760.00
2009/11/18,10:30,5276.24,5281.33,5275.53,5278.23,2357.00,257472512.00
2009/11/18,10:35,5278.85,5283.41,5276.84,5282.91,2596.00,236154112.00
2009/11/18,10:40,5283.35,5317.06,5283.35,5314.55,6353.00,554607872.00
2009/11/18,10:45,5315.82,5319.31,5310.75,5314.42,4609.00,449101312.00
2009/11/18,10:50,5312.14,5314.06,5307.20,5307.23,2818.00,274354688.00
2009/11/18,10:55,5306.86,5310.06,5301.81,5301.81,2368.00,213029888.00
2009/11/18,11:00,5302.77,5304.13,5298.75,5303.34,1999.00,184950272.00
2009/11/18,11:05,5303.53,5305.55,5300.87,5300.87,1713.00,181390336.00
2009/11/18,11:10,5302.33,5302.33,5286.11,5286.11,1761.00,182242304.00
2009/11/18,11:15,5286.91,5286.91,5275.44,5277.21,2337.00,257678336.00
2009/11/18,11:20,5276.64,5283.28,5274.59,5277.61,2024.00,206143488.00
2009/11/18,11:25,5276.69,5277.38,5262.73,5262.93,1950.00,230540288.00
2009/11/18,11:30,5262.07,5268.89,5258.83,5266.26,1989.00,201427968.00
2009/11/18,13:05,5266.89,5268.64,5260.09,5267.14,2081.00,220547072.00
2009/11/18,13:10,5267.32,5269.20,5265.06,5266.76,1120.00,119690240.00
2009/11/18,13:15,5267.27,5267.55,5259.18,5260.80,959.00,108554752.00
2009/11/18,13:20,5260.81,5269.85,5257.73,5268.31,2003.00,203671040.00
2009/11/18,13:25,5268.99,5272.70,5268.14,5272.67,1738.00,185136128.00
2009/11/18,13:30,5272.19,5272.62,5267.89,5270.43,798.00,86475264.00
2009/11/18,13:35,5268.50,5269.14,5260.73,5261.23,988.00,116464128.00
2009/11/18,13:40,5261.96,5266.81,5261.59,5265.27,1045.00,113748992.00
2009/11/18,13:45,5265.17,5267.50,5263.33,5265.40,1334.00,149087744.00
2009/11/18,13:50,5266.13,5275.17,5263.83,5272.67,1561.00,168345600.00
2009/11/18,13:55,5273.69,5275.54,5265.95,5268.05,1370.00,142163456.00
2009/11/18,14:00,5269.31,5269.31,5262.45,5263.02,1511.00,156856832.00
2009/11/18,14:05,5263.27,5266.48,5259.85,5260.34,1471.00,163588608.00
2009/11/18,14:10,5258.84,5259.39,5243.17,5245.09,3092.00,325051392.00
2009/11/18,14:15,5246.69,5256.75,5245.77,5254.40,1577.00,153326592.00
2009/11/18,14:20,5253.97,5254.87,5245.78,5249.54,1251.00,130943488.00
2009/11/18,14:25,5251.12,5264.19,5248.17,5262.22,1595.00,151644672.00
2009/11/18,14:30,5262.50,5263.74,5254.48,5257.94,1909.00,159443968.00
2009/11/18,14:35,5257.51,5259.63,5253.37,5253.37,1387.00,131840000.00
2009/11/18,14:40,5253.63,5255.27,5248.98,5250.92,1424.00,157034496.00
2009/11/18,14:45,5250.21,5259.97,5249.76,5256.36,1966.00,190221312.00
2009/11/18,14:50,5259.43,5263.12,5257.72,5261.64,2075.00,209325056.00
2009/11/18,14:55,5260.20,5261.34,5257.06,5259.85,2219.00,241781760.00
2009/11/18,15:00,5261.58,5269.23,5258.79,5267.59,3409.00,305286144.00
2009/11/19,09:35,5278.99,5292.96,5278.84,5278.84,349340.00,334573952.00
2009/11/19,09:40,5280.15,5291.36,5278.01,5291.27,264159.00,291468672.00
2009/11/19,09:45,5289.93,5297.18,5288.89,5296.08,307351.00,327072704.00
2009/11/19,09:50,5295.22,5303.09,5294.84,5301.03,327648.00,305192256.00
2009/11/19,09:55,5303.26,5304.04,5293.04,5295.22,297025.00,298892928.00
2009/11/19,10:00,5294.30,5296.02,5288.58,5289.98,194297.00,214719744.00
2009/11/19,10:05,5288.51,5290.20,5274.97,5274.97,283763.00,300561408.00
2009/11/19,10:10,5274.85,5274.92,5266.91,5268.09,266942.00,302995584.00
2009/11/19,10:15,5267.32,5270.10,5261.50,5262.52,249878.00,280312320.00
2009/11/19,10:20,5262.49,5264.08,5247.30,5248.74,321991.00,360540928.00
2009/11/19,10:25,5249.37,5259.38,5247.50,5257.71,251814.00,277074688.00
2009/11/19,10:30,5259.63,5261.98,5253.88,5254.79,167172.00,187579648.00
2009/11/19,10:35,5255.41,5256.28,5248.37,5251.31,154262.00,185779456.00
2009/11/19,10:40,5249.56,5250.76,5237.82,5238.35,217970.00,297578240.00
2009/11/19,10:45,5238.58,5241.03,5234.60,5238.10,172270.00,205718272.00
2009/11/19,10:50,5237.97,5240.23,5220.23,5220.23,352371.00,393305600.00
2009/11/19,10:55,5220.12,5225.74,5215.31,5222.08,318432.00,339620352.00
2009/11/19,11:00,5222.71,5233.65,5221.92,5228.28,204253.00,239715328.00
2009/11/19,11:05,5228.69,5229.57,5220.54,5221.67,235733.00,226094080.00
2009/11/19,11:10,5221.85,5223.44,5202.75,5204.10,272356.00,349437952.00
2009/11/19,11:15,5204.58,5209.58,5192.49,5208.99,282859.00,298476032.00
2009/11/19,11:20,5208.49,5213.74,5207.95,5212.01,150903.00,147729920.00
2009/11/19,11:25,5210.63,5212.55,5207.39,5212.09,150930.00,197471744.00
2009/11/19,11:30,5211.84,5216.17,5208.22,5210.62,179273.00,216836096.00
2009/11/19,13:05,5210.40,5215.17,5197.81,5197.81,306370.00,418765824.00
2009/11/19,13:10,5198.47,5201.14,5192.64,5194.24,196479.00,260084224.00
2009/11/19,13:15,5193.96,5200.87,5190.55,5199.27,182022.00,229160448.00
2009/11/19,13:20,5200.01,5210.33,5196.59,5208.94,146195.00,186809856.00
2009/11/19,13:25,5210.07,5221.38,5208.75,5218.13,196718.00,226386944.00
2009/11/19,13:30,5218.00,5220.56,5212.27,5212.27,177851.00,206087168.00
2009/11/19,13:35,5214.29,5219.42,5211.63,5216.59,112718.00,146446336.00
2009/11/19,13:40,5217.14,5217.81,5205.99,5209.90,177897.00,244908032.00
2009/11/19,13:45,5210.04,5212.81,5203.55,5204.30,176231.00,230097920.00
2009/11/19,13:50,5202.87,5202.87,5195.20,5200.83,236780.00,311273472.00
2009/11/19,13:55,5199.95,5211.68,5199.95,5211.68,151147.00,184233984.00
2009/11/19,14:00,5211.39,5219.59,5210.24,5216.61,145727.00,173045760.00
2009/11/19,14:05,5217.93,5219.88,5214.44,5217.25,142852.00,157215744.00
2009/11/19,14:10,5217.95,5228.41,5217.00,5228.36,173956.00,202705920.00
2009/11/19,14:15,5229.49,5238.32,5226.29,5226.29,236380.00,301558784.00
2009/11/19,14:20,5229.52,5230.15,5224.25,5226.57,119609.00,146164736.00
2009/11/19,14:25,5226.38,5229.17,5224.24,5226.36,119639.00,154216448.00
2009/11/19,14:30,5226.26,5226.86,5216.57,5218.94,146657.00,211708928.00
2009/11/19,14:35,5218.55,5230.01,5218.44,5228.53,165113.00,204804096.00
2009/11/19,14:40,5229.00,5241.18,5227.31,5239.27,185018.00,223294464.00
2009/11/19,14:45,5239.53,5246.56,5236.23,5238.02,220674.00,263053312.00
2009/11/19,14:50,5236.69,5241.60,5236.58,5239.32,228690.00,247859200.00
2009/11/19,14:55,5239.35,5240.46,5232.22,5235.90,263410.00,296453120.00
2009/11/19,15:00,5234.84,5243.38,5231.28,5237.95,330432.00,354804736.00
2009/11/20,09:35,5213.97,5213.97,5188.78,5195.48,358810.00,366504512.00
2009/11/20,09:40,5195.43,5199.04,5188.19,5189.40,306543.00,339696064.00
2009/11/20,09:45,5189.41,5190.01,5170.61,5170.61,378678.00,378749568.00
2009/11/20,09:50,5170.62,5171.79,5164.47,5168.38,353469.00,423436800.00
2009/11/20,09:55,5168.74,5169.90,5152.23,5156.86,414829.00,483580800.00
2009/11/20,10:00,5155.18,5167.08,5152.24,5166.30,297454.00,326784256.00
2009/11/20,10:05,5165.30,5174.19,5165.30,5169.12,257225.00,292935168.00
2009/11/20,10:10,5169.53,5171.77,5164.43,5167.04,256571.00,288095744.00
2009/11/20,10:15,5166.80,5172.20,5165.84,5168.33,259171.00,268531712.00
2009/11/20,10:20,5166.73,5172.40,5166.73,5169.90,194261.00,214300672.00
2009/11/20,10:25,5170.09,5172.17,5162.42,5165.52,211798.00,261916672.00
2009/11/20,10:30,5163.47,5165.04,5157.81,5157.81,310615.00,372819456.00
2009/11/20,10:35,5158.83,5159.83,5145.92,5148.01,361333.00,408618240.00
2009/11/20,10:40,5146.56,5156.28,5144.95,5156.28,335133.00,380184576.00
2009/11/20,10:45,5154.60,5161.63,5152.28,5160.04,206585.00,211893248.00
2009/11/20,10:50,5160.21,5162.57,5158.90,5161.20,168610.00,182362624.00
2009/11/20,10:55,5162.00,5171.26,5161.34,5169.96,199747.00,220944896.00
2009/11/20,11:00,5171.07,5172.88,5163.56,5165.83,209151.00,216258048.00
2009/11/20,11:05,5165.90,5170.87,5163.66,5168.21,213871.00,236989952.00
2009/11/20,11:10,5168.95,5172.78,5168.50,5169.08,137828.00,150162432.00
2009/11/20,11:15,5170.13,5176.88,5169.83,5176.05,188606.00,195279872.00
2009/11/20,11:20,5176.49,5185.75,5175.57,5183.14,193889.00,195062784.00
2009/11/20,11:25,5185.34,5188.16,5179.45,5179.71,183818.00,209158144.00
2009/11/20,11:30,5179.80,5181.11,5174.27,5177.56,110544.00,117389312.00
2009/11/20,13:05,5177.56,5181.83,5173.69,5174.11,194119.00,182833152.00
2009/11/20,13:10,5173.51,5175.24,5165.69,5167.03,139658.00,180728320.00
2009/11/20,13:15,5167.41,5173.74,5164.78,5173.20,163426.00,180251136.00
2009/11/20,13:20,5174.56,5182.35,5173.50,5180.79,195426.00,198380032.00
2009/11/20,13:25,5183.22,5191.53,5180.49,5188.30,186976.00,204187136.00
2009/11/20,13:30,5189.66,5190.53,5177.99,5179.36,131144.00,156049408.00
2009/11/20,13:35,5179.52,5186.61,5175.26,5185.63,179574.00,239022592.00
2009/11/20,13:40,5187.41,5195.86,5184.18,5195.29,203511.00,225404928.00
2009/11/20,13:45,5195.72,5209.76,5195.72,5203.86,246357.00,279090688.00
2009/11/20,13:50,5205.80,5208.18,5194.11,5195.48,197495.00,223839232.00
2009/11/20,13:55,5195.65,5197.48,5190.78,5196.98,155696.00,169165824.00
2009/11/20,14:00,5197.23,5204.07,5195.44,5199.77,107268.00,143620096.00
2009/11/20,14:05,5201.12,5201.12,5196.14,5197.31,182303.00,204384256.00
2009/11/20,14:10,5196.66,5222.50,5193.31,5220.78,246181.00,280228864.00
2009/11/20,14:15,5223.24,5235.09,5222.52,5225.51,347899.00,401504256.00
2009/11/20,14:20,5226.32,5227.53,5220.35,5222.83,204492.00,222239744.00
2009/11/20,14:25,5221.28,5223.37,5208.23,5210.32,170639.00,185257984.00
2009/11/20,14:30,5209.51,5211.86,5201.94,5205.83,269804.00,272459776.00
2009/11/20,14:35,5204.75,5213.09,5203.56,5208.39,275278.00,252560384.00
2009/11/20,14:40,5208.00,5208.97,5190.08,5190.08,328023.00,365376512.00
2009/11/20,14:45,5190.36,5192.17,5187.00,5192.17,235886.00,276967424.00
2009/11/20,14:50,5189.68,5198.49,5189.68,5196.91,227940.00,255389696.00
2009/11/20,14:55,5198.23,5199.12,5192.13,5194.53,208797.00,257668096.00
2009/11/20,15:00,5195.20,5195.27,5189.63,5191.31,338143.00,337952768.00
2009/11/23,09:35,5197.69,5203.44,5191.31,5194.52,300876.00,354142688.00
2009/11/23,09:40,5192.52,5193.42,5184.98,5186.34,222202.00,267841824.00
2009/11/23,09:45,5186.68,5186.68,5177.99,5179.55,238253.00,323968128.00
2009/11/23,09:50,5177.82,5191.28,5177.82,5191.28,224705.00,273864832.00
2009/11/23,09:55,5190.63,5202.82,5190.63,5198.05,217094.00,249209728.00
2009/11/23,10:00,5199.88,5208.50,5199.04,5208.50,197384.00,279641600.00
2009/11/23,10:05,5208.84,5210.77,5204.42,5207.75,193304.00,278308992.00
2009/11/23,10:10,5207.04,5210.92,5205.90,5209.86,179014.00,206989312.00
2009/11/23,10:15,5210.41,5217.88,5208.93,5217.00,184629.00,225406464.00
2009/11/23,10:20,5218.58,5224.07,5216.92,5222.80,202303.00,237427712.00
2009/11/23,10:25,5222.87,5223.06,5216.34,5218.37,171883.00,209888256.00
2009/11/23,10:30,5217.22,5219.20,5214.96,5216.40,143630.00,178219776.00
2009/11/23,10:35,5216.07,5217.00,5210.90,5210.90,143396.00,166209280.00
2009/11/23,10:40,5212.27,5212.27,5202.29,5203.70,200434.00,233182720.00
2009/11/23,10:45,5202.91,5206.45,5201.20,5202.46,138854.00,170515712.00
2009/11/23,10:50,5204.03,5204.03,5200.28,5202.33,117105.00,161566976.00
2009/11/23,10:55,5203.23,5206.77,5201.85,5202.91,128966.00,150729472.00
2009/11/23,11:00,5201.67,5203.11,5193.07,5194.09,196101.00,221740544.00
2009/11/23,11:05,5194.66,5196.87,5187.37,5188.42,244452.00,237148416.00
2009/11/23,11:10,5185.72,5187.88,5181.86,5182.67,233403.00,250830336.00
2009/11/23,11:15,5184.40,5192.06,5183.11,5188.62,178157.00,163390464.00
2009/11/23,11:20,5188.92,5190.55,5184.82,5186.57,136387.00,145929216.00
2009/11/23,11:25,5185.91,5187.80,5179.84,5179.84,102911.00,123924992.00
2009/11/23,11:30,5181.45,5186.24,5179.73,5184.30,118770.00,125485056.00
2009/11/23,13:05,5184.58,5187.01,5181.76,5182.87,200088.00,216740352.00
2009/11/23,13:10,5181.99,5185.50,5180.49,5183.77,129673.00,147779584.00
2009/11/23,13:15,5182.72,5186.25,5182.22,5184.95,105150.00,128721408.00
2009/11/23,13:20,5182.96,5187.07,5182.89,5185.51,132638.00,164987904.00
2009/11/23,13:25,5187.84,5199.41,5183.82,5194.79,242973.00,262641664.00
2009/11/23,13:30,5195.41,5195.41,5185.53,5186.85,141000.00,162691072.00
2009/11/23,13:35,5186.02,5187.45,5178.08,5178.08,184545.00,201477120.00
2009/11/23,13:40,5179.30,5179.30,5173.26,5175.41,269479.00,271283200.00
2009/11/23,13:45,5176.61,5177.98,5173.61,5173.78,166660.00,167161856.00
2009/11/23,13:50,5174.09,5175.09,5169.91,5170.11,227743.00,237320704.00
2009/11/23,13:55,5171.41,5171.41,5165.50,5166.49,346842.00,305763328.00
2009/11/23,14:00,5166.85,5175.49,5165.70,5174.75,242927.00,277241856.00
2009/11/23,14:05,5176.04,5178.07,5173.12,5173.96,185535.00,199468032.00
2009/11/23,14:10,5174.21,5174.97,5170.77,5172.53,127105.00,155299840.00
2009/11/23,14:15,5172.66,5173.41,5168.84,5169.96,139248.00,182472192.00
2009/11/23,14:20,5169.01,5169.51,5164.28,5165.77,183714.00,191299584.00
2009/11/23,14:25,5166.05,5174.23,5165.05,5173.90,228368.00,256794624.00
2009/11/23,14:30,5173.84,5177.59,5172.69,5176.94,220209.00,230801408.00
2009/11/23,14:35,5176.80,5179.72,5175.22,5176.79,197103.00,231593984.00
2009/11/23,14:40,5177.84,5181.12,5175.76,5180.02,163334.00,206094336.00
2009/11/23,14:45,5181.42,5182.60,5177.35,5182.39,217286.00,277363712.00
2009/11/23,14:50,5181.60,5190.64,5180.67,5190.64,252366.00,286082048.00
2009/11/23,14:55,5189.00,5191.33,5186.56,5191.12,296582.00,323686400.00
2009/11/23,15:00,5192.11,5205.12,5190.50,5205.06,323194.00,393531392.00
2009/11/24,09:35,5231.21,5243.71,5224.99,5226.14,4641.00,500684032.00
2009/11/24,09:40,5227.13,5235.84,5226.21,5232.24,2915.00,328138112.00
2009/11/24,09:45,5233.36,5234.09,5222.61,5223.49,2984.00,346062464.00
2009/11/24,09:50,5221.97,5223.08,5206.57,5206.57,3521.00,443910144.00
2009/11/24,09:55,5207.13,5214.71,5206.17,5214.71,2376.00,285326592.00
2009/11/24,10:00,5215.49,5220.14,5214.63,5215.65,2987.00,300653568.00
2009/11/24,10:05,5215.34,5218.08,5215.16,5216.24,2567.00,298197504.00
2009/11/24,10:10,5216.10,5227.57,5215.81,5225.23,3190.00,397006848.00
2009/11/24,10:15,5224.98,5227.89,5223.87,5225.20,3811.00,404944896.00
2009/11/24,10:20,5225.46,5226.20,5216.58,5217.23,3202.00,360447488.00
2009/11/24,10:25,5217.27,5221.22,5214.24,5219.71,2621.00,320003328.00
2009/11/24,10:30,5219.41,5223.58,5218.41,5222.49,2497.00,327551232.00
2009/11/24,10:35,5223.88,5229.57,5222.28,5229.20,2177.00,245855744.00
2009/11/24,10:40,5229.19,5229.19,5213.11,5213.11,2778.00,309555712.00
2009/11/24,10:45,5212.47,5214.03,5210.12,5212.37,2095.00,261697536.00
2009/11/24,10:50,5211.51,5215.78,5209.56,5211.59,1510.00,184608256.00
2009/11/24,10:55,5210.07,5211.69,5206.58,5208.12,1137.00,138747392.00
2009/11/24,11:00,5206.46,5215.64,5206.46,5213.77,1552.00,190613504.00
2009/11/24,11:05,5213.85,5215.78,5211.90,5214.52,1474.00,168068096.00
2009/11/24,11:10,5213.97,5214.88,5211.48,5213.53,1228.00,131275776.00
2009/11/24,11:15,5212.35,5213.65,5206.23,5206.53,1654.00,181352960.00
2009/11/24,11:20,5206.89,5206.89,5201.87,5202.00,1265.00,126753280.00
2009/11/24,11:25,5202.86,5208.22,5201.82,5207.34,1128.00,123408896.00
2009/11/24,11:30,5205.65,5207.96,5201.86,5201.86,1468.00,158534656.00
2009/11/24,13:05,5203.77,5205.14,5200.72,5202.39,1983.00,213489152.00
2009/11/24,13:10,5204.55,5210.10,5204.50,5207.34,1457.00,159149568.00
2009/11/24,13:15,5208.84,5215.58,5207.88,5214.94,1632.00,190969856.00
2009/11/24,13:20,5214.07,5225.19,5214.07,5224.19,2811.00,324912640.00
2009/11/24,13:25,5224.56,5225.47,5221.74,5223.11,2172.00,258217984.00
2009/11/24,13:30,5222.75,5223.76,5215.73,5215.85,1783.00,193520640.00
2009/11/24,13:35,5216.24,5221.66,5214.41,5215.43,1458.00,173738496.00
2009/11/24,13:40,5216.04,5216.04,5205.57,5205.57,2795.00,355187200.00
2009/11/24,13:45,5205.85,5210.02,5203.09,5209.54,2955.00,338907136.00
2009/11/24,13:50,5208.33,5213.49,5207.85,5209.69,1882.00,277810176.00
2009/11/24,13:55,5210.19,5210.19,5191.61,5191.61,3235.00,399812608.00
2009/11/24,14:00,5191.67,5199.18,5190.19,5199.15,3309.00,390958080.00
2009/11/24,14:05,5198.91,5207.77,5197.10,5197.10,2300.00,272722944.00
2009/11/24,14:10,5197.06,5197.06,5173.24,5174.13,3643.00,419472384.00
2009/11/24,14:15,5173.57,5173.57,5137.39,5137.39,6219.00,677577728.00
2009/11/24,14:20,5136.48,5156.43,5126.90,5156.12,6039.00,691803136.00
2009/11/24,14:25,5154.98,5163.78,5142.60,5145.43,4553.00,519421952.00
2009/11/24,14:30,5144.87,5145.94,5140.25,5141.85,3513.00,371233792.00
2009/11/24,14:35,5143.04,5145.42,5112.90,5112.90,5129.00,577282048.00
2009/11/24,14:40,5110.17,5110.17,5065.54,5066.25,6774.00,725554176.00
2009/11/24,14:45,5065.49,5091.23,5060.55,5091.23,6591.00,680591360.00
2009/11/24,14:50,5090.16,5100.83,5090.16,5091.32,4452.00,496288768.00
2009/11/24,14:55,5093.64,5093.64,5076.46,5076.46,4256.00,476083200.00
2009/11/24,15:00,5077.77,5078.02,5067.84,5068.15,5888.00,654109696.00
2009/11/25,09:35,5068.52,5117.57,5068.52,5085.96,5466.00,585849920.00
2009/11/25,09:40,5085.83,5085.83,5052.58,5052.58,3550.00,384973312.00
2009/11/25,09:45,5053.82,5053.82,5025.77,5047.12,4471.00,482656064.00
2009/11/25,09:50,5046.48,5061.91,5045.71,5050.17,3361.00,370513920.00
2009/11/25,09:55,5052.16,5067.23,5051.23,5062.01,3113.00,333005696.00
2009/11/25,10:00,5061.47,5065.45,5049.35,5062.60,3344.00,358294272.00
2009/11/25,10:05,5065.10,5085.31,5062.85,5080.19,3719.00,388344320.00
2009/11/25,10:10,5078.18,5081.70,5071.38,5071.38,2934.00,303571968.00
2009/11/25,10:15,5074.04,5077.82,5059.74,5059.74,2445.00,289251328.00
2009/11/25,10:20,5059.40,5064.29,5048.79,5060.28,2901.00,338287104.00
2009/11/25,10:25,5058.67,5062.90,5046.18,5049.56,2360.00,252869888.00
2009/11/25,10:30,5048.55,5055.79,5047.93,5052.78,2488.00,257700608.00
2009/11/25,10:35,5051.83,5054.89,5044.66,5044.66,2049.00,232423424.00
2009/11/25,10:40,5045.76,5047.34,5033.20,5033.24,3164.00,304542208.00
2009/11/25,10:45,5031.59,5033.75,5024.82,5027.88,4439.00,427581440.00
2009/11/25,10:50,5028.62,5032.21,5022.53,5022.53,2128.00,242849792.00
2009/11/25,10:55,5019.80,5021.48,4996.27,5002.21,5021.00,523761664.00
2009/11/25,11:00,5004.89,5008.90,4996.29,4997.00,3129.00,306769920.00
2009/11/25,11:05,4995.38,4995.38,4965.39,4979.81,6130.00,618885120.00
2009/11/25,11:10,4982.64,4994.03,4982.64,4992.08,2837.00,303411200.00
2009/11/25,11:15,4993.48,5012.90,4989.48,5012.90,2304.00,277977600.00
2009/11/25,11:20,5013.28,5019.32,5002.50,5010.52,2400.00,267971584.00
2009/11/25,11:25,5009.95,5013.24,5001.91,5003.01,1585.00,158163456.00
2009/11/25,11:30,5000.05,5003.04,4997.19,5001.87,1587.00,191813632.00
2009/11/25,13:05,5000.91,5008.01,5000.43,5001.42,2168.00,233288704.00
2009/11/25,13:10,5002.82,5004.91,5000.46,5004.91,1622.00,184064512.00
2009/11/25,13:15,5007.23,5018.96,5004.32,5015.90,2110.00,225632256.00
2009/11/25,13:20,5015.48,5020.16,5010.68,5017.25,2361.00,241552384.00
2009/11/25,13:25,5015.71,5015.71,5008.75,5009.35,1922.00,188395520.00
2009/11/25,13:30,5008.22,5014.22,5008.22,5012.78,1586.00,176154624.00
2009/11/25,13:35,5012.14,5019.27,5007.12,5019.27,2603.00,264565760.00
2009/11/25,13:40,5019.42,5038.72,5019.42,5036.08,3434.00,399131648.00
2009/11/25,13:45,5035.07,5035.49,5016.91,5016.91,2231.00,230534144.00
2009/11/25,13:50,5016.56,5017.21,5004.14,5004.14,2231.00,253583360.00
2009/11/25,13:55,5005.10,5015.72,4999.60,5015.72,2083.00,250317824.00
2009/11/25,14:00,5014.88,5019.89,5011.80,5012.81,1566.00,178852864.00
2009/11/25,14:05,5012.09,5025.96,5010.27,5025.96,2036.00,214243328.00
2009/11/25,14:10,5027.03,5032.93,5025.60,5030.95,2837.00,294748160.00
2009/11/25,14:15,5029.86,5031.54,5022.02,5025.82,2815.00,279694336.00
2009/11/25,14:20,5025.63,5047.79,5025.63,5047.03,2630.00,291846144.00
2009/11/25,14:25,5046.82,5054.40,5046.37,5052.25,3139.00,349165568.00
2009/11/25,14:30,5052.69,5053.99,5041.91,5043.53,2842.00,321667072.00
2009/11/25,14:35,5041.34,5061.44,5041.34,5061.44,3014.00,354985984.00
2009/11/25,14:40,5061.23,5081.73,5061.23,5079.74,3855.00,431271936.00
2009/11/25,14:45,5079.65,5080.57,5067.56,5069.29,5050.00,500539392.00
2009/11/25,14:50,5068.48,5094.48,5063.27,5094.48,4228.00,481000448.00
2009/11/25,14:55,5096.02,5101.80,5094.13,5101.22,4220.00,451179520.00
2009/11/25,15:00,5101.01,5114.90,5100.65,5113.39,5142.00,534524928.00
2009/11/26,09:35,5106.80,5106.80,5071.59,5081.77,5076.00,535103552.00
2009/11/26,09:40,5082.22,5099.58,5080.71,5080.71,3588.00,384715200.00
2009/11/26,09:45,5080.76,5080.76,5065.45,5065.45,3291.00,385474304.00
2009/11/26,09:50,5065.71,5065.71,5037.77,5038.52,4403.00,525114240.00
2009/11/26,09:55,5039.56,5050.52,5034.73,5047.97,3582.00,397473408.00
2009/11/26,10:00,5050.17,5052.04,5035.99,5036.59,3752.00,449205248.00
2009/11/26,10:05,5033.99,5035.04,5017.38,5018.99,4980.00,577473536.00
2009/11/26,10:10,5018.44,5027.72,5015.81,5026.94,3714.00,448607488.00
2009/11/26,10:15,5027.29,5028.63,5021.19,5028.04,3232.00,396070144.00
2009/11/26,10:20,5028.77,5044.68,5028.77,5040.23,3266.00,368615680.00
2009/11/26,10:25,5040.41,5042.83,5031.18,5033.19,2736.00,283950592.00
2009/11/26,10:30,5031.49,5031.87,5019.41,5021.32,2957.00,314938880.00
2009/11/26,10:35,5018.97,5028.96,5018.56,5027.85,1860.00,203811328.00
2009/11/26,10:40,5030.18,5030.48,5017.58,5017.58,1847.00,212706816.00
2009/11/26,10:45,5017.00,5017.72,4997.86,5003.06,6207.00,602862080.00
2009/11/26,10:50,4999.30,5010.48,4999.30,5003.58,4229.00,373569024.00
2009/11/26,10:55,5002.77,5003.79,4973.48,4974.01,6361.00,666173440.00
2009/11/26,11:00,4974.22,4991.23,4971.53,4988.56,3355.00,383541760.00
2009/11/26,11:05,4991.96,4997.71,4982.59,4997.71,3140.00,300872192.00
2009/11/26,11:10,4995.70,5003.56,4990.85,4997.38,2738.00,279774208.00
2009/11/26,11:15,4997.32,4997.63,4988.29,4993.15,1247.00,150905344.00
2009/11/26,11:20,4992.80,4995.92,4989.73,4990.90,1918.00,238572032.00
2009/11/26,11:25,4988.45,4991.21,4982.37,4982.37,1865.00,206725632.00
2009/11/26,11:30,4984.13,4984.34,4978.73,4981.17,2451.00,227134464.00
2009/11/26,13:05,4981.99,4984.50,4959.26,4959.26,5682.00,556749824.00
2009/11/26,13:10,4961.67,4969.82,4960.26,4965.33,3270.00,343440384.00
2009/11/26,13:15,4965.25,4965.25,4933.39,4936.38,5096.00,577802240.00
2009/11/26,13:20,4941.26,4957.23,4939.33,4952.08,2896.00,312073216.00
2009/11/26,13:25,4952.05,4955.73,4945.41,4950.61,3124.00,329444352.00
2009/11/26,13:30,4950.31,4964.65,4950.31,4961.27,2342.00,251900928.00
2009/11/26,13:35,4963.40,4963.40,4951.62,4953.20,2206.00,237352960.00
2009/11/26,13:40,4953.10,4954.24,4942.01,4942.01,2589.00,284217344.00
2009/11/26,13:45,4942.08,4942.08,4908.04,4918.50,6955.00,665058304.00
2009/11/26,13:50,4918.48,4930.61,4918.02,4924.88,3814.00,371228672.00
2009/11/26,13:55,4925.53,4925.53,4913.37,4913.92,2731.00,335772672.00
2009/11/26,14:00,4915.26,4915.34,4909.40,4913.30,3764.00,341220352.00
2009/11/26,14:05,4914.97,4942.88,4914.97,4939.57,3146.00,320733184.00
2009/11/26,14:10,4941.91,4941.91,4922.97,4924.78,2322.00,250352640.00
2009/11/26,14:15,4922.79,4932.44,4921.64,4924.50,3532.00,369048576.00
2009/11/26,14:20,4925.57,4925.57,4880.75,4880.83,5653.00,675412992.00
2009/11/26,14:25,4882.89,4898.22,4878.54,4891.52,4034.00,439474176.00
2009/11/26,14:30,4891.35,4894.64,4880.89,4891.60,3445.00,422454272.00
2009/11/26,14:35,4894.65,4915.58,4894.15,4908.57,2505.00,309519360.00
2009/11/26,14:40,4910.65,4912.74,4894.01,4894.11,3237.00,350127104.00
2009/11/26,14:45,4893.27,4893.63,4870.56,4871.78,4309.00,486189056.00
2009/11/26,14:50,4872.05,4872.05,4848.58,4855.48,6664.00,715627520.00
2009/11/26,14:55,4857.94,4870.54,4855.34,4867.63,4120.00,480921600.00
2009/11/26,15:00,4867.78,4873.62,4864.08,4870.23,4223.00,493015040.00
2009/11/27,09:35,4823.28,4870.23,4795.48,4811.11,569270.00,623881856.00
2009/11/27,09:40,4811.08,4811.24,4766.91,4766.91,468084.00,560828416.00
2009/11/27,09:45,4767.03,4769.51,4757.64,4769.51,494104.00,566515328.00
2009/11/27,09:50,4770.58,4774.87,4765.80,4772.51,354488.00,418110976.00
2009/11/27,09:55,4772.68,4793.88,4770.51,4793.88,281058.00,331020800.00
2009/11/27,10:00,4793.34,4795.01,4785.02,4786.27,263842.00,318275072.00
2009/11/27,10:05,4786.98,4786.98,4775.81,4778.54,223955.00,263580160.00
2009/11/27,10:10,4777.59,4779.29,4758.10,4759.63,346147.00,378175744.00
2009/11/27,10:15,4758.87,4764.85,4755.05,4764.02,346160.00,360697600.00
2009/11/27,10:20,4763.90,4774.50,4763.90,4772.76,210815.00,216494592.00
2009/11/27,10:25,4772.04,4784.62,4765.56,4784.62,268996.00,308841216.00
2009/11/27,10:30,4784.58,4790.42,4783.43,4790.06,205524.00,243576320.00
2009/11/27,10:35,4789.60,4793.24,4785.67,4786.27,150433.00,164989952.00
2009/11/27,10:40,4785.89,4786.55,4777.83,4779.25,149721.00,195708928.00
2009/11/27,10:45,4777.97,4789.85,4771.91,4789.68,236990.00,301947904.00
2009/11/27,10:50,4790.72,4812.44,4790.67,4811.92,208769.00,284402688.00
2009/11/27,10:55,4812.70,4816.11,4810.40,4811.63,151271.00,193370112.00
2009/11/27,11:00,4812.02,4849.08,4810.49,4849.08,184000.00,250782720.00
2009/11/27,11:05,4846.75,4853.88,4841.46,4851.83,311464.00,390627840.00
2009/11/27,11:10,4850.79,4867.68,4850.23,4865.77,183222.00,246157824.00
2009/11/27,11:15,4866.55,4874.80,4860.29,4861.19,219617.00,280038912.00
2009/11/27,11:20,4860.00,4861.45,4834.60,4834.60,174407.00,190767616.00
2009/11/27,11:25,4834.67,4837.13,4831.44,4833.22,98828.00,120379392.00
2009/11/27,11:30,4832.53,4832.53,4809.93,4816.12,104503.00,124548096.00
2009/11/27,13:05,4816.06,4816.06,4792.53,4797.94,298453.00,260762112.00
2009/11/27,13:10,4798.10,4802.59,4786.96,4786.96,158339.00,155234816.00
2009/11/27,13:15,4787.12,4787.12,4774.61,4782.89,237124.00,262486016.00
2009/11/27,13:20,4782.58,4783.46,4774.03,4776.14,151122.00,159771648.00
2009/11/27,13:25,4771.28,4771.28,4756.33,4765.41,315850.00,331716608.00
2009/11/27,13:30,4767.24,4773.47,4763.66,4773.47,119663.00,127544320.00
2009/11/27,13:35,4773.84,4776.78,4770.56,4774.66,159910.00,160197632.00
2009/11/27,13:40,4775.29,4797.57,4771.91,4797.43,183957.00,197692416.00
2009/11/27,13:45,4796.06,4806.80,4788.20,4792.97,182299.00,204608512.00
2009/11/27,13:50,4791.14,4796.30,4782.44,4795.03,124662.00,125396992.00
2009/11/27,13:55,4794.37,4800.31,4788.52,4789.72,113180.00,124144640.00
2009/11/27,14:00,4789.07,4796.15,4781.58,4792.76,139695.00,144225280.00
2009/11/27,14:05,4789.76,4789.94,4757.20,4757.20,221651.00,259054592.00
2009/11/27,14:10,4757.99,4772.86,4757.33,4772.86,154330.00,177611776.00
2009/11/27,14:15,4772.87,4776.41,4763.91,4765.87,117042.00,129685504.00
2009/11/27,14:20,4765.16,4766.61,4757.39,4757.39,153174.00,174491648.00
2009/11/27,14:25,4759.27,4759.27,4745.36,4745.36,286393.00,313106432.00
2009/11/27,14:30,4745.98,4760.12,4744.68,4760.12,274011.00,302841856.00
2009/11/27,14:35,4759.76,4763.06,4753.81,4753.81,162359.00,178556928.00
2009/11/27,14:40,4755.32,4761.07,4751.92,4759.21,220345.00,258228224.00
2009/11/27,14:45,4762.00,4772.52,4761.49,4768.23,199305.00,233777152.00
2009/11/27,14:50,4768.74,4768.74,4755.56,4756.20,182237.00,217357312.00
2009/11/27,14:55,4756.48,4760.03,4756.48,4759.09,272207.00,279094272.00
2009/11/27,15:00,4757.99,4761.30,4755.10,4755.22,325379.00,341771264.00
2009/11/30,09:35,4803.74,4828.57,4755.22,4806.08,578361.00,548157440.00
2009/11/30,09:40,4805.69,4831.55,4805.48,4825.12,450603.00,429845120.00
2009/11/30,09:45,4825.81,4827.66,4815.37,4820.28,368048.00,394218624.00
2009/11/30,09:50,4821.36,4826.24,4804.88,4804.88,336054.00,347899392.00
2009/11/30,09:55,4805.09,4805.09,4796.53,4803.02,291401.00,304217984.00
2009/11/30,10:00,4802.54,4805.51,4785.74,4786.64,321892.00,299323520.00
2009/11/30,10:05,4784.96,4803.37,4784.96,4803.37,315165.00,303250432.00
2009/11/30,10:10,4802.26,4807.52,4800.95,4802.94,180017.00,211108352.00
2009/11/30,10:15,4801.74,4815.68,4801.22,4809.33,224846.00,254849536.00
2009/11/30,10:20,4811.48,4812.46,4796.78,4798.15,212084.00,224258304.00
2009/11/30,10:25,4797.65,4799.28,4788.83,4789.82,183331.00,191889152.00
2009/11/30,10:30,4790.33,4797.42,4786.87,4795.47,183761.00,198307584.00
2009/11/30,10:35,4797.05,4806.53,4794.32,4805.84,143129.00,151910656.00
2009/11/30,10:40,4805.97,4813.61,4804.71,4812.60,170427.00,171650816.00
2009/11/30,10:45,4812.75,4815.21,4809.98,4814.85,173149.00,208576000.00
2009/11/30,10:50,4816.58,4824.19,4813.72,4821.39,210062.00,247932928.00
2009/11/30,10:55,4819.53,4822.18,4810.36,4810.36,157713.00,163894784.00
2009/11/30,11:00,4811.18,4814.38,4809.84,4809.84,140439.00,136855552.00
2009/11/30,11:05,4810.73,4813.33,4803.07,4813.33,186577.00,191428608.00
2009/11/30,11:10,4815.29,4821.36,4809.20,4820.03,195300.00,206356480.00
2009/11/30,11:15,4817.88,4827.18,4815.09,4826.43,186324.00,168599552.00
2009/11/30,11:20,4826.70,4836.68,4826.59,4835.02,233278.00,261446656.00
2009/11/30,11:25,4834.44,4848.49,4830.14,4848.32,238433.00,253675520.00
2009/11/30,11:30,4849.50,4865.03,4848.38,4859.09,309331.00,364950016.00
2009/11/30,13:05,4859.09,4866.26,4849.57,4850.99,356298.00,352816128.00
2009/11/30,13:10,4849.57,4851.28,4844.51,4851.28,126757.00,137675264.00
2009/11/30,13:15,4850.60,4854.66,4846.99,4847.61,159389.00,178130944.00
2009/11/30,13:20,4846.06,4848.86,4840.45,4840.85,179363.00,184697856.00
2009/11/30,13:25,4840.85,4843.27,4824.00,4826.88,199788.00,211433472.00
2009/11/30,13:30,4827.48,4841.47,4825.53,4841.46,162632.00,163835392.00
2009/11/30,13:35,4840.17,4843.19,4832.27,4832.27,131141.00,116904960.00
2009/11/30,13:40,4833.38,4842.21,4833.01,4836.99,184414.00,191280128.00
2009/11/30,13:45,4837.88,4839.67,4831.37,4831.37,172497.00,158668800.00
2009/11/30,13:50,4833.55,4840.21,4831.26,4838.96,189386.00,171173888.00
2009/11/30,13:55,4840.00,4849.64,4838.72,4845.63,280363.00,323024896.00
2009/11/30,14:00,4844.80,4845.72,4834.72,4835.83,190761.00,206721536.00
2009/11/30,14:05,4837.00,4837.40,4827.52,4829.24,165058.00,170336256.00
2009/11/30,14:10,4831.88,4833.11,4825.20,4825.74,193601.00,201972736.00
2009/11/30,14:15,4826.20,4828.44,4818.82,4827.34,189970.00,211505152.00
2009/11/30,14:20,4827.11,4839.44,4827.11,4834.89,173787.00,184820736.00
2009/11/30,14:25,4835.76,4847.99,4834.68,4845.27,223421.00,232513536.00
2009/11/30,14:30,4845.46,4851.30,4841.95,4844.55,224218.00,228064256.00
2009/11/30,14:35,4844.39,4846.26,4839.30,4845.15,174209.00,181018624.00
2009/11/30,14:40,4845.29,4851.10,4845.29,4850.86,205600.00,198056960.00
2009/11/30,14:45,4851.76,4854.33,4850.27,4853.24,212954.00,216177664.00
2009/11/30,14:50,4852.97,4855.52,4851.35,4853.57,230071.00,239425536.00
2009/11/30,14:55,4854.63,4864.20,4854.63,4863.01,296659.00,326692864.00
2009/11/30,15:00,4865.05,4869.45,4864.81,4867.61,397730.00,406703104.00
2009/12/01,09:35,4843.24,4867.61,4828.04,4839.95,312536.00,300315552.00
2009/12/01,09:40,4839.03,4840.16,4820.47,4820.47,303630.00,337059552.00
2009/12/01,09:45,4820.83,4820.83,4809.25,4817.67,315205.00,343003520.00
2009/12/01,09:50,4817.81,4820.07,4814.43,4815.90,262324.00,297010304.00
2009/12/01,09:55,4813.48,4815.76,4812.22,4812.67,313559.00,345825664.00
2009/12/01,10:00,4813.43,4814.70,4809.08,4813.02,292728.00,316652544.00
2009/12/01,10:05,4813.28,4816.65,4811.08,4811.08,398736.00,435973120.00
2009/12/01,10:10,4812.64,4812.64,4793.06,4793.09,373789.00,448729344.00
2009/12/01,10:15,4794.60,4805.54,4789.04,4805.44,325603.00,370094592.00
2009/12/01,10:20,4805.72,4807.85,4803.96,4807.85,340522.00,370347008.00
2009/12/01,10:25,4809.06,4823.94,4809.06,4812.27,304201.00,359085824.00
2009/12/01,10:30,4812.94,4816.29,4809.64,4810.29,221677.00,272733696.00
2009/12/01,10:35,4810.53,4812.65,4798.32,4798.32,236811.00,282358272.00
2009/12/01,10:40,4799.21,4806.84,4797.38,4806.22,199097.00,215028224.00
2009/12/01,10:45,4804.24,4805.03,4789.48,4791.29,185197.00,237981184.00
2009/12/01,10:50,4789.85,4792.74,4788.22,4792.54,174126.00,227486208.00
2009/12/01,10:55,4792.43,4793.40,4787.90,4787.90,214156.00,239165440.00
2009/12/01,11:00,4787.88,4788.17,4764.32,4765.49,471670.00,533901312.00
2009/12/01,11:05,4766.01,4774.71,4765.73,4773.11,259472.00,281696768.00
2009/12/01,11:10,4773.13,4774.90,4764.54,4765.24,207930.00,273381376.00
2009/12/01,11:15,4765.73,4779.10,4765.03,4777.85,236362.00,310126080.00
2009/12/01,11:20,4776.81,4779.19,4772.79,4777.34,147648.00,181623296.00
2009/12/01,11:25,4779.28,4790.08,4777.06,4785.18,217805.00,241087488.00
2009/12/01,11:30,4785.66,4789.79,4785.00,4789.79,160758.00,197380608.00
2009/12/01,13:05,4786.69,4800.77,4786.69,4793.49,239228.00,246984704.00
2009/12/01,13:10,4793.61,4794.43,4780.98,4781.78,143658.00,155940864.00
2009/12/01,13:15,4783.14,4783.58,4778.34,4778.64,139611.00,156558336.00
2009/12/01,13:20,4779.77,4780.62,4765.13,4766.96,252694.00,272404480.00
2009/12/01,13:25,4767.44,4777.42,4766.94,4777.08,165229.00,186823680.00
2009/12/01,13:30,4776.54,4784.99,4775.35,4783.32,166806.00,183131648.00
2009/12/01,13:35,4783.75,4790.95,4783.32,4790.71,219473.00,238718976.00
2009/12/01,13:40,4791.69,4791.69,4783.88,4786.24,192735.00,200562688.00
2009/12/01,13:45,4788.43,4816.82,4787.17,4812.93,369663.00,410371072.00
2009/12/01,13:50,4810.04,4815.39,4803.70,4807.13,296256.00,319851520.00
2009/12/01,13:55,4807.72,4813.83,4806.96,4810.62,224307.00,230514688.00
2009/12/01,14:00,4811.16,4846.78,4809.58,4842.50,491971.00,551907328.00
2009/12/01,14:05,4844.80,4849.79,4840.91,4847.89,451593.00,455258112.00
2009/12/01,14:10,4848.17,4850.64,4843.21,4850.64,335480.00,345037824.00
2009/12/01,14:15,4847.02,4854.01,4847.02,4854.01,282528.00,317014016.00
2009/12/01,14:20,4854.84,4877.47,4853.52,4877.47,453237.00,572585984.00
2009/12/01,14:25,4877.71,4887.89,4877.71,4887.42,524253.00,657833984.00
2009/12/01,14:30,4887.97,4888.84,4877.27,4878.80,292112.00,332938240.00
2009/12/01,14:35,4878.24,4881.54,4875.92,4878.24,222057.00,272885760.00
2009/12/01,14:40,4875.15,4876.22,4851.89,4859.21,267870.00,314365952.00
2009/12/01,14:45,4860.69,4871.10,4858.06,4869.65,243168.00,270078976.00
2009/12/01,14:50,4871.25,4872.41,4865.89,4869.29,264722.00,312814592.00
2009/12/01,14:55,4868.42,4875.67,4868.42,4875.67,307624.00,318753792.00
2009/12/01,15:00,4875.57,4882.72,4873.98,4881.06,357899.00,406429696.00
